Month,Day,Year,TagSite,Species,TL,RewardTag1,RewardTag2,Radio.Tag.Frequency,Code,Combined,Group,Notes,Lat,Long,A/D
1,3,2023,10,LMB,445,1783,NA,150.132,I-2,150.132I-2,U,,33.99961511,-85.88293573,A
4,13,2023,10,LMB,445,1783,NA,150.132,I-2,150.132I-2,U,,34.002175,-85.88240833,A
5,1,2023,10,LMB,445,1783,NA,150.132,I-2,150.132I-2,U,,33.99814,-85.88214,A
5,9,2023,10,LMB,445,1783,NA,150.132,I-2,150.132I-2,U,,33.9982,-85.88217,A
5,25,2023,10,LMB,445,1783,NA,150.132,I-2,150.132I-2,U,,34.00107,-85.88379,A
6,6,2023,10,LMB,445,1783,NA,150.132,I-2,150.132I-2,U,,33.99618,-85.88152,A
6,21,2023,10,LMB,445,1783,NA,150.132,I-2,150.132I-2,U,,33.99907,-85.88253,A
7,7,2023,10,LMB,445,1783,NA,150.132,I-2,150.132I-2,U,,33.99892,-85.88242,A
8,3,2023,10,LMB,445,1783,NA,150.132,I-2,150.132I-2,U,,33.99578,-85.88049,A
8,27,2023,10,LMB,445,1783,NA,150.132,I-2,150.132I-2,U,,33.99985,-85.88171,A
9,11,2023,10,LMB,445,1783,NA,150.132,I-2,150.132I-2,U,,33.99899,-85.88133,A
9,25,2023,10,LMB,445,1783,NA,150.132,I-2,150.132I-2,U,,33.99775,-85.88076,A
10,9,2023,10,LMB,445,1783,NA,150.132,I-2,150.132I-2,U,,33.99762,-85.88077,A
10,23,2023,10,LMB,445,1783,NA,150.132,I-2,150.132I-2,U,,33.99797,-85.88093,A
11,3,2023,10,LMB,445,1783,NA,150.132,I-2,150.132I-2,U,,33.99905,-85.88149,A
11,17,2023,10,LMB,445,1783,NA,150.132,I-2,150.132I-2,U,,33.99873,-85.88135,A
12,4,2023,10,LMB,445,1783,NA,150.132,I-2,150.132I-2,U,,33.99229,-85.88336,A
12,19,2023,10,LMB,445,1783,NA,150.132,I-2,150.132I-2,U,,33.99976,-85.88296,A
1,4,2024,10,LMB,445,1783,NA,150.132,I-2,150.132I-2,U,,33.99878,-85.88226,A
1,5,2023,136,ALB,465,4195,4194,150.132,I-4,150.132I-4,L,Added May 9,33.90062846,-86.11833636,A
5,8,2023,136,ALB,465,4195,4194,150.132,I-4,150.132I-4,L,,33.85827,-86.09329,A
5,24,2023,136,ALB,465,4195,4194,150.132,I-4,150.132I-4,L,Big move up Lil canoe,33.8999,-86.12021,A
6,5,2023,136,ALB,465,4195,4194,150.132,I-4,150.132I-4,L,,33.90384,-86.11297,A
6,22,2023,136,ALB,465,4195,4194,150.132,I-4,150.132I-4,L,,33.90035,-86.12047,A
7,6,2023,136,ALB,465,4195,4194,150.132,I-4,150.132I-4,L,,33.90007,-86.12041,A
7,17,2023,136,ALB,465,4195,4194,150.132,I-4,150.132I-4,L,,33.90017,-86.1192,A
8,3,2023,136,ALB,465,4195,4194,150.132,I-4,150.132I-4,L,,33.89998,-86.12009,A
8,26,2023,136,ALB,465,4195,4194,150.132,I-4,150.132I-4,L,,33.8953,-86.10916,A
9,10,2023,136,ALB,465,4195,4194,150.132,I-4,150.132I-4,L,,33.89521,-86.10926,A
9,24,2023,136,ALB,465,4195,4194,150.132,I-4,150.132I-4,L,,33.89524,-86.10923,D
10,8,2023,136,ALB,465,4195,4194,150.132,I-4,150.132I-4,L,Removed,33.89524,-86.10925,D
1,2,2023,91,ALB,400,4474,,150.132,I-6,150.132I-6,L,Added June 4th,33.78712945,-86.05288195,A
6,5,2023,91,ALB,400,4474,,150.132,I-6,150.132I-6,L,,33.78292,-86.05541,A
6,21,2023,91,ALB,400,4474,,150.132,I-6,150.132I-6,L,,33.78262,-86.05605,A
7,6,2023,91,ALB,400,4474,,150.132,I-6,150.132I-6,L,,33.78277,-86.05582,A
7,17,2023,91,ALB,400,4474,,150.132,I-6,150.132I-6,L,"Dam, not found on 8/3, 8/26, 9/10, 9/24",33.78279,-86.0558,A
12,5,2022,41,LMB,415,1485,NA,150.132,I-09,150.132I-09,U,,33.95791902,-85.96367204,A
4,13,2023,41,LMB,415,1485,NA,150.132,I-09,150.132I-09,U,,33.95168333,-85.95778167,A
5,1,2023,41,LMB,415,1485,NA,150.132,I-09,150.132I-09,U,,33.95169,-85.95777,A
5,8,2023,41,LMB,415,1485,NA,150.132,I-09,150.132I-09,U,,33.95174,-85.95786,A
5,25,2023,41,LMB,415,1485,NA,150.132,I-09,150.132I-09,U,,33.95165,-85.95771,D
6,6,2023,41,LMB,415,1485,NA,150.132,I-09,150.132I-09,U,Removed,33.95183,-85.95789,D
12,5,2022,42,ALB,462,730,729,150.132,I-11,150.132I-11,U,,33.95273164,-85.95827413,A
4,13,2023,42,ALB,462,730,729,150.132,I-11,150.132I-11,U,"Big move to CL, caught?",33.99492167,-85.99931333,D
5,9,2023,42,ALB,462,730,729,150.132,I-11,150.132I-11,U,,33.99467,-85.99972,A
5,25,2023,42,ALB,462,730,729,150.132,I-11,150.132I-11,U,Removed,33.99471,-85.99973,D
12,6,2022,57,LMB,525,117,NA,150.132,I-13,150.132I-13,U,"Caught on 3/25/23, SS, REPORTED",33.93310833,-86.0304162,A
12,7,2022,33,LMB,411,1707,NA,150.132,I-15,150.132I-15,U,,33.99581705,-85.99383139,A
4,13,2023,33,LMB,411,1707,NA,150.132,I-15,150.132I-15,U,,33.9951,-86,A
5,1,2023,33,LMB,411,1707,NA,150.132,I-15,150.132I-15,U,,33.98957,-85.99788,A
5,9,2023,33,LMB,411,1707,NA,150.132,I-15,150.132I-15,U,,33.98954,-85.9978,A
5,25,2023,33,LMB,411,1707,NA,150.132,I-15,150.132I-15,U,,33.98942,-85.99806,A
6,6,2023,33,LMB,411,1707,NA,150.132,I-15,150.132I-15,U,"CAUGHT, 6/17/2023, CL, TJ",33.98935,-85.99836,A
12,7,2022,128,LMB,454,2397,2396,150.132,I-16,150.132I-16,L,,33.85866878,-86.10396585,A
4,12,2023,128,LMB,454,2397,2396,150.132,I-16,150.132I-16,L,,33.85904167,-86.096175,A
4,30,2023,128,LMB,454,2397,2396,150.132,I-16,150.132I-16,L,,33.85828,-86.09561,A
5,8,2023,128,LMB,454,2397,2396,150.132,I-16,150.132I-16,L,,33.85452,-86.11058,A
5,24,2023,128,LMB,454,2397,2396,150.132,I-16,150.132I-16,L,,33.85836,-86.09561,A
6,5,2023,128,LMB,454,2397,2396,150.132,I-16,150.132I-16,L,,33.85831,-86.09541,A
6,22,2023,128,LMB,454,2397,2396,150.132,I-16,150.132I-16,L,,33.8585,-86.09544,A
7,6,2023,128,LMB,454,2397,2396,150.132,I-16,150.132I-16,L,,33.85852,-86.09536,A
7,17,2023,128,LMB,454,2397,2396,150.132,I-16,150.132I-16,L,,33.85808,-86.09601,A
8,3,2023,128,LMB,454,2397,2396,150.132,I-16,150.132I-16,L,,33.85828,-86.0954,A
8,26,2023,128,LMB,454,2397,2396,150.132,I-16,150.132I-16,L,,33.85847,-86.09581,A
9,10,2023,128,LMB,454,2397,2396,150.132,I-16,150.132I-16,L,,33.85844,-86.096,A
9,24,2023,128,LMB,454,2397,2396,150.132,I-16,150.132I-16,L,,33.85827,-86.09537,A
10,9,2023,128,LMB,454,2397,2396,150.132,I-16,150.132I-16,L,Caught? Big move to CL,34.00826,-85.99963,A
10,23,2023,128,LMB,454,2397,2396,150.132,I-16,150.132I-16,L,,34.00897,-85.99827,A
11,3,2023,128,LMB,454,2397,2396,150.132,I-16,150.132I-16,L,,34.00277,-85.9997,A
11,16,2023,128,LMB,454,2397,2396,150.132,I-16,150.132I-16,L,,33.97896,-86.00003,A
12,19,2023,128,LMB,454,2397,2396,150.132,I-16,150.132I-16,L,,33.97894,-85.99912,D
1,4,2024,128,LMB,454,2397,2396,150.132,I-16,150.132I-16,L,,33.979,-85.99901,D
12,7,2022,189,LMB,452,68,NA,150.132,I-17,150.132I-17,U,,33.97663461,-86.02932492,A
4,13,2023,189,LMB,452,68,NA,150.132,I-17,150.132I-17,U,"CAUGHT, 4/19/2023 CL, REPORTED",33.97291833,-85.987875,A
12,7,2022,197,LMB,505,62,NA,150.132,I-19,150.132I-19,U,"CAUGHT on 5/7/2023, CL, Reported",33.9918068,-86.01125551,A
1,6,2023,122,ALB,400,4287,,150.132,I-21,150.132I-21,L,Added May 9,33.86473746,-86.07221174,A
5,8,2023,122,ALB,400,4287,,150.132,I-21,150.132I-21,L,"CAUGHT on 5/20/23, RC, REPORTED",33.8584,-86.09467,A
1,2,2023,88,LMB,378,2415,,150.132,I-22,150.132I-22,L,Added May 9,33.79843895,-86.05704445,A
5,8,2023,88,LMB,378,2415,,150.132,I-22,150.132I-22,L,,33.79437,-86.05814,A
5,24,2023,88,LMB,378,2415,,150.132,I-22,150.132I-22,L,,33.79438,-86.05811,A
6,5,2023,88,LMB,378,2415,,150.132,I-22,150.132I-22,L,,33.79435,-86.05812,A
6,21,2023,88,LMB,378,2415,,150.132,I-22,150.132I-22,L,,33.79432,-86.05813,D
7,6,2023,88,LMB,378,2415,,150.132,I-22,150.132I-22,L,Removed ,33.79433,-86.05815,D
1,3,2023,91,LMB,389,2414,NA,150.132,I-23,150.132I-23,L,,33.78712945,-86.05288195,A
4,12,2023,91,LMB,389,2414,NA,150.132,I-23,150.132I-23,L,,33.78333333,-86.06783667,A
4,29,2023,91,LMB,389,2414,NA,150.132,I-23,150.132I-23,L,,33.78333,-86.06836,A
5,8,2023,91,LMB,389,2414,NA,150.132,I-23,150.132I-23,L,,33.78224,-86.06982,A
5,24,2023,91,LMB,389,2414,NA,150.132,I-23,150.132I-23,L,,33.78404,-86.06734,A
6,5,2023,91,LMB,389,2414,NA,150.132,I-23,150.132I-23,L,,33.78414,-86.06719,A
6,21,2023,91,LMB,389,2414,NA,150.132,I-23,150.132I-23,L,,33.78431,-86.06697,A
7,6,2023,91,LMB,389,2414,NA,150.132,I-23,150.132I-23,L,,33.78419,-86.06713,A
7,17,2023,91,LMB,389,2414,NA,150.132,I-23,150.132I-23,L,,33.78436,-86.06705,A
8,3,2023,91,LMB,389,2414,NA,150.132,I-23,150.132I-23,L,,33.78405,-86.06732,A
8,26,2023,91,LMB,389,2414,NA,150.132,I-23,150.132I-23,L,,33.78411,-86.06727,A
9,10,2023,91,LMB,389,2414,NA,150.132,I-23,150.132I-23,L,,33.78403,-86.06733,A
9,24,2023,91,LMB,389,2414,NA,150.132,I-23,150.132I-23,L,,33.78434,-86.06695,A
10,8,2023,91,LMB,389,2414,NA,150.132,I-23,150.132I-23,L,,33.7841,-86.0674,A
10,22,2023,91,LMB,389,2414,NA,150.132,I-23,150.132I-23,L,,33.78393,-86.0674,A
11,4,2023,91,LMB,389,2414,NA,150.132,I-23,150.132I-23,L,,33.78311,-86.06893,A
11,16,2023,91,LMB,389,2414,NA,150.132,I-23,150.132I-23,L,,33.78409,-86.06737,A
12,3,2023,91,LMB,389,2414,NA,150.132,I-23,150.132I-23,L,,33.78409,-86.06736,A
12,18,2023,91,LMB,389,2414,NA,150.132,I-23,150.132I-23,L,,33.78416,-86.06726,A
1,3,2024,91,LMB,389,2414,NA,150.132,I-23,150.132I-23,L,,33.78373,-86.06791,A
1,6,2023,91,ALB,366,4486,4487,150.132,I-24,150.132I-24,L,Added June 4th,33.78712945,-86.05288195,A
6,5,2023,91,ALB,366,4486,4487,150.132,I-24,150.132I-24,L,,33.78504,-86.05494,A
6,21,2023,91,ALB,366,4486,4487,150.132,I-24,150.132I-24,L,,33.78351,-86.05536,A
7,6,2023,91,ALB,366,4486,4487,150.132,I-24,150.132I-24,L,,33.7835,-86.05549,A
7,17,2023,91,ALB,366,4486,4487,150.132,I-24,150.132I-24,L,,33.78359,-86.05562,A
8,3,2023,91,ALB,366,4486,4487,150.132,I-24,150.132I-24,L,,33.7835,-86.0556,A
8,26,2023,91,ALB,366,4486,4487,150.132,I-24,150.132I-24,L,,33.78375,-86.05457,A
9,10,2023,91,ALB,366,4486,4487,150.132,I-24,150.132I-24,L,,33.78369,-86.05543,A
9,24,2023,91,ALB,366,4486,4487,150.132,I-24,150.132I-24,L,,33.78425,-86.05321,D
10,8,2023,91,ALB,366,4486,4487,150.132,I-24,150.132I-24,L,,33.78427,-86.05338,A
10,22,2023,91,ALB,366,4486,4487,150.132,I-24,150.132I-24,L,,33.78435,-86.05326,A
11,4,2023,91,ALB,366,4486,4487,150.132,I-24,150.132I-24,L,,33.78446,-86.05375,A
11,16,2023,91,ALB,366,4486,4487,150.132,I-24,150.132I-24,L,,33.78418,-86.05331,A
12,3,2023,91,ALB,366,4486,4487,150.132,I-24,150.132I-24,L,,33.78439,-86.05371,A
12,18,2023,91,ALB,366,4486,4487,150.132,I-24,150.132I-24,L,,33.7845,-86.05336,A
1,3,2024,91,ALB,366,4486,4487,150.132,I-24,150.132I-24,L,,33.78395,-86.05376,A
12,6,2022,57,LMB,470,119,NA,150.132,J-37,150.132J-37,U,,33.93310833,-86.0304162,A
4,12,2023,57,LMB,470,119,NA,150.132,J-37,150.132J-37,U,,33.93195833,-86.03494333,A
4,30,2023,57,LMB,470,119,NA,150.132,J-37,150.132J-37,U,,33.93075,-86.03472,A
5,8,2023,57,LMB,470,119,NA,150.132,J-37,150.132J-37,U,,33.93203,-86.03479,A
5,24,2023,57,LMB,470,119,NA,150.132,J-37,150.132J-37,U,,33.93218,-86.03466,A
6,5,2023,57,LMB,470,119,NA,150.132,J-37,150.132J-37,U,,33.93226,-86.03461,A
6,22,2023,57,LMB,470,119,NA,150.132,J-37,150.132J-37,U,,33.9316,-86.03372,A
7,6,2023,57,LMB,470,119,NA,150.132,J-37,150.132J-37,U,,33.93092,-86.03452,A
7,17,2023,57,LMB,470,119,NA,150.132,J-37,150.132J-37,U,,33.93099,-86.03478,A
8,4,2023,57,LMB,470,119,NA,150.132,J-37,150.132J-37,U,,33.93089,-86.0346,A
8,26,2023,57,LMB,470,119,NA,150.132,J-37,150.132J-37,U,,33.93145,-86.03361,A
9,10,2023,57,LMB,470,119,NA,150.132,J-37,150.132J-37,U,,33.93214,-86.0347,A
10,8,2023,57,LMB,470,119,NA,150.132,J-37,150.132J-37,U,,33.9318,-86.03378,A
10,23,2023,57,LMB,470,119,NA,150.132,J-37,150.132J-37,U,,33.9317,-86.03322,A
11,16,2023,57,LMB,470,119,NA,150.132,J-37,150.132J-37,U,,33.93163,-86.0334,A
12,3,2023,57,LMB,470,119,NA,150.132,J-37,150.132J-37,U,,33.93311,-86.03189,A
12,18,2023,57,LMB,470,119,NA,150.132,J-37,150.132J-37,U,,33.93314,-86.03206,A
1,3,2024,57,LMB,470,119,NA,150.132,J-37,150.132J-37,U,,33.9331,-86.03236,A
12,7,2022,123,LMB,412,1424,1430,150.132,J-38,150.132J-38,L,,33.86006546,-86.08628868,A
4,30,2023,123,LMB,412,1424,1430,150.132,J-38,150.132J-38,L,,33.89686,-86.14171,A
5,8,2023,123,LMB,412,1424,1430,150.132,J-38,150.132J-38,L,,33.89913,-86.1413,A
5,24,2023,123,LMB,412,1424,1430,150.132,J-38,150.132J-38,L,,33.89711,-86.14208,A
6,5,2023,123,LMB,412,1424,1430,150.132,J-38,150.132J-38,L,,33.8971,-86.14214,A
6,22,2023,123,LMB,412,1424,1430,150.132,J-38,150.132J-38,L,,33.89705,-86.14226,A
7,6,2023,123,LMB,412,1424,1430,150.132,J-38,150.132J-38,L,,33.89734,-86.14164,A
7,17,2023,123,LMB,412,1424,1430,150.132,J-38,150.132J-38,L,,33.89706,-86.14213,A
8,3,2023,123,LMB,412,1424,1430,150.132,J-38,150.132J-38,L,,33.89671,-86.14176,A
8,26,2023,123,LMB,412,1424,1430,150.132,J-38,150.132J-38,L,,33.89681,-86.14181,D
9,10,2023,123,LMB,412,1424,1430,150.132,J-38,150.132J-38,L,Removed,33.89674,-86.14179,D
12,15,2022,207,ALB,446,1800,NA,150.132,J-40,150.132J-40,U,,34.01375566,-85.95563762,A
4,13,2023,207,ALB,446,1800,NA,150.132,J-40,150.132J-40,U,,34.01464167,-85.95418833,A
5,9,2023,207,ALB,446,1800,NA,150.132,J-40,150.132J-40,U,,34.015,-85.95393,A
5,25,2023,207,ALB,446,1800,NA,150.132,J-40,150.132J-40,U,,34.01493,-85.95388,A
6,6,2023,207,ALB,446,1800,NA,150.132,J-40,150.132J-40,U,,34.01502,-85.95379,D
6,21,2023,207,ALB,446,1800,NA,150.132,J-40,150.132J-40,U,,34.01492,-85.95388,A
7,7,2023,207,ALB,446,1800,NA,150.132,J-40,150.132J-40,U,,34.01491,-85.95393,A
7,18,2023,207,ALB,446,1800,NA,150.132,J-40,150.132J-40,U,Removed,34.01495,-85.95387,D
12,7,2022,193,LMB,380,64,63,150.132,J-41,150.132J-41,U,Harvested 1/1/23,33.98558586,-86.01840626,A
12,5,2022,45,LMB,500,1449,NA,150.132,L-84,150.132L-84,U,,33.94844029,-85.95134739,A
4,13,2023,45,LMB,500,1449,NA,150.132,L-84,150.132L-84,U,,33.95082333,-85.957505,A
4,30,2023,45,LMB,500,1449,NA,150.132,L-84,150.132L-84,U,Big move to coosa,33.99204,-85.99905,A
5,8,2023,45,LMB,500,1449,NA,150.132,L-84,150.132L-84,U,,33.936,-85.95451,A
5,25,2023,45,LMB,500,1449,NA,150.132,L-84,150.132L-84,U,,33.93602,-85.9549,A
6,6,2023,45,LMB,500,1449,NA,150.132,L-84,150.132L-84,U,Caught again????,34.01269,-85.99386,A
6,21,2023,45,LMB,500,1449,NA,150.132,L-84,150.132L-84,U,,33.9931,-85.99619,D
7,7,2023,45,LMB,500,1449,NA,150.132,L-84,150.132L-84,U,Remove? Error in location?,33.99271,-85.99624,D
7,18,2023,45,LMB,500,1449,NA,150.132,L-84,150.132L-84,U,Remove?,33.99313,-85.9962,D
8,4,2023,45,LMB,500,1449,NA,150.132,L-84,150.132L-84,U,REMOVED,33.99314,-85.99624,D
12,8,2022,198,ALB,361,4081,NA,150.132,L-85,150.132L-85,U,,33.99031712,-86.00200125,A
4,13,2023,198,ALB,361,4081,NA,150.132,L-85,150.132L-85,U,Error in location?,33.988145,-86.00157667,D
5,25,2023,198,ALB,361,4081,NA,150.132,L-85,150.132L-85,U,,33.98912,-85.99857,D
6,6,2023,198,ALB,361,4081,NA,150.132,L-85,150.132L-85,U,,33.98923,-85.99848,A
6,21,2023,198,ALB,361,4081,NA,150.132,L-85,150.132L-85,U,Removed,33.98904,-85.99852,D
12,13,2022,95,ALB,413,4046,4047,150.132,L-86,150.132L-86,L,,33.79115824,-86.08377878,A
4,12,2023,95,ALB,413,4046,4047,150.132,L-86,150.132L-86,L,,33.791575,-86.080205,A
4,29,2023,95,ALB,413,4046,4047,150.132,L-86,150.132L-86,L,,33.78466,-86.06444,A
5,8,2023,95,ALB,413,4046,4047,150.132,L-86,150.132L-86,L,,33.79207,-86.08271,A
5,24,2023,95,ALB,413,4046,4047,150.132,L-86,150.132L-86,L,Harvested on 5/28/23,33.79128,-86.08155,A
12,12,2022,74,LMB,400,1621,NA,150.132,L-87,150.132L-87,L,,33.8590745,-86.04381273,A
4,12,2023,74,LMB,400,1621,NA,150.132,L-87,150.132L-87,L,Levee fish,33.85385833,-86.04616833,A
10,8,2023,74,LMB,400,1621,NA,150.132,L-87,150.132L-87,L,In outflow of water from other side? Been on other side?,33.85377,-86.04626,A
11,4,2023,74,LMB,400,1621,NA,150.132,L-87,150.132L-87,L,,33.854192,-86.045953,D
12,12,2022,74,ALB,389,4014,NA,150.132,L-88,150.132L-88,L,,33.8590745,-86.04381273,A
12,13,2022,96,ALB,468,515,NA,150.132,L-89,150.132L-89,L,,33.79135072,-86.07857039,A
4,12,2023,96,ALB,468,515,NA,150.132,L-89,150.132L-89,L,,33.78603,-86.06389333,A
4,29,2023,96,ALB,468,515,NA,150.132,L-89,150.132L-89,L,,33.79223,-86.07415,A
5,8,2023,96,ALB,468,515,NA,150.132,L-89,150.132L-89,L,,33.79033,-86.07208,A
5,24,2023,96,ALB,468,515,NA,150.132,L-89,150.132L-89,L,,33.7903,-86.07202,A
6,5,2023,96,ALB,468,515,NA,150.132,L-89,150.132L-89,L,,33.78899,-86.07064,A
6,21,2023,96,ALB,468,515,NA,150.132,L-89,150.132L-89,L,,33.79259,-86.07516,A
7,6,2023,96,ALB,468,515,NA,150.132,L-89,150.132L-89,L,,33.79179,-86.07528,A
7,17,2023,96,ALB,468,515,NA,150.132,L-89,150.132L-89,L,,33.79303,-86.07538,A
8,3,2023,96,ALB,468,515,NA,150.132,L-89,150.132L-89,L,,33.79308,-86.07542,A
8,26,2023,96,ALB,468,515,NA,150.132,L-89,150.132L-89,L,,33.79198,-86.07458,A
9,10,2023,96,ALB,468,515,NA,150.132,L-89,150.132L-89,L,,33.79204,-86.07551,A
9,24,2023,96,ALB,468,515,NA,150.132,L-89,150.132L-89,L,,33.79094,-86.07052,D
10,8,2023,96,ALB,468,515,NA,150.132,L-89,150.132L-89,L,Removed,33.79092,-86.07054,D
12,12,2022,75,LMB,450,1641,NA,150.132,L-90,150.132L-90,L,,33.8473324,-86.05024701,A
4,12,2023,75,LMB,450,1641,NA,150.132,L-90,150.132L-90,L,,33.84563667,-86.05271,A
4,30,2023,75,LMB,450,1641,NA,150.132,L-90,150.132L-90,L,,33.8356,-86.053,A
5,8,2023,75,LMB,450,1641,NA,150.132,L-90,150.132L-90,L,,33.84918,-86.04861,A
5,24,2023,75,LMB,450,1641,NA,150.132,L-90,150.132L-90,L,,33.83692,-86.05929,A
6,5,2023,75,LMB,450,1641,NA,150.132,L-90,150.132L-90,L,,33.83648,-86.05748,A
6,22,2023,75,LMB,450,1641,NA,150.132,L-90,150.132L-90,L,,33.83757,-86.06114,A
7,6,2023,75,LMB,450,1641,NA,150.132,L-90,150.132L-90,L,,33.839,-86.06279,A
7,17,2023,75,LMB,450,1641,NA,150.132,L-90,150.132L-90,L,,33.83671,-86.05825,A
8,3,2023,75,LMB,450,1641,NA,150.132,L-90,150.132L-90,L,,33.83664,-86.05844,A
8,26,2023,75,LMB,450,1641,NA,150.132,L-90,150.132L-90,L,,33.83552,-86.05618,A
9,10,2023,75,LMB,450,1641,NA,150.132,L-90,150.132L-90,L,,33.83785,-86.06206,A
9,24,2023,75,LMB,450,1641,NA,150.132,L-90,150.132L-90,L,,33.83645,-86.05762,A
10,8,2023,75,LMB,450,1641,NA,150.132,L-90,150.132L-90,L,,33.84202,-86.06221,A
10,22,2023,75,LMB,450,1641,NA,150.132,L-90,150.132L-90,L,,33.83797,-86.06227,A
11,4,2023,75,LMB,450,1641,NA,150.132,L-90,150.132L-90,L,,33.84967,-86.04832,A
11,16,2023,75,LMB,450,1641,NA,150.132,L-90,150.132L-90,L,,33.83533,-86.05351,A
12,18,2023,75,LMB,450,1641,NA,150.132,L-90,150.132L-90,L,,33.83544,-86.0533,A
1,3,2023,75,LMB,450,1641,NA,150.132,L-90,150.132L-90,L,,33.83768,-86.06192,A
12,13,2022,97,ALB,449,1925,1924,150.132,L-91,150.132L-91,L,Added June 4th,33.78956151,-86.0677914,A
6,5,2023,97,ALB,449,1925,1924,150.132,L-91,150.132L-91,L,,33.85525,-86.04881,D
6,22,2023,97,ALB,449,1925,1924,150.132,L-91,150.132L-91,L,,33.85527,-86.04896,D
7,6,2023,97,ALB,449,1925,1924,150.132,L-91,150.132L-91,L,Removed,33.85525,-86.04895,D
12,12,2022,203,LMB,472,2453,NA,150.132,L-92,150.132L-92,U,,34.02306565,-85.98013362,A
4,13,2023,203,LMB,472,2453,NA,150.132,L-92,150.132L-92,U,,34.02308167,-85.98193667,A
4,30,2023,203,LMB,472,2453,NA,150.132,L-92,150.132L-92,U,,34.01519,-85.99071,A
5,9,2023,203,LMB,472,2453,NA,150.132,L-92,150.132L-92,U,,34.01521,-85.99122,A
5,25,2023,203,LMB,472,2453,NA,150.132,L-92,150.132L-92,U,,34.01533,-85.99101,D
6,6,2023,203,LMB,472,2453,NA,150.132,L-92,150.132L-92,U,Removed,34.01534,-85.99109,D
12,12,2022,73,LMB,379,1615,NA,150.132,L-94,150.132L-94,L,,33.85859905,-86.05218741,A
4,12,2023,73,LMB,379,1615,NA,150.132,L-94,150.132L-94,L,,33.873975,-86.05791833,A
4,30,2023,73,LMB,379,1615,NA,150.132,L-94,150.132L-94,L,,33.86685,-86.07554,A
5,8,2023,73,LMB,379,1615,NA,150.132,L-94,150.132L-94,L,,33.86676,-86.07566,A
5,24,2023,73,LMB,379,1615,NA,150.132,L-94,150.132L-94,L,,33.86667,-86.07573,A
6,5,2023,73,LMB,379,1615,NA,150.132,L-94,150.132L-94,L,Big move to coosa? Caught?,33.94219,-86.00464,A
6,22,2023,73,LMB,379,1615,NA,150.132,L-94,150.132L-94,L,,33.9234,-86.05165,A
7,6,2023,73,LMB,379,1615,NA,150.132,L-94,150.132L-94,L,,33.92346,-86.05065,D
7,17,2023,73,LMB,379,1615,NA,150.132,L-94,150.132L-94,L,Removed,33.92337,-86.05066,D
12,15,2023,77,ALB,444,4167,,150.132,L-95,150.132L-95,L,Added May 9,33.83680058,-86.05161749,A
5,8,2023,77,ALB,444,4167,,150.132,L-95,150.132L-95,L,,33.83342,-86.05219,A
5,24,2023,77,ALB,444,4167,,150.132,L-95,150.132L-95,L,,33.83326,-86.04909,A
6,5,2023,77,ALB,444,4167,,150.132,L-95,150.132L-95,L,,33.83014,-86.04997,A
6,22,2023,77,ALB,444,4167,,150.132,L-95,150.132L-95,L,,33.83119,-86.04689,A
7,6,2023,77,ALB,444,4167,,150.132,L-95,150.132L-95,L,,33.83067,-86.04754,A
7,17,2023,77,ALB,444,4167,,150.132,L-95,150.132L-95,L,,33.83188,-86.04706,A
8,3,2023,77,ALB,444,4167,,150.132,L-95,150.132L-95,L,,33.83295,-86.04933,A
8,26,2023,77,ALB,444,4167,,150.132,L-95,150.132L-95,L,,33.83307,-86.04923,A
9,10,2023,77,ALB,444,4167,,150.132,L-95,150.132L-95,L,,33.83373,-86.04877,A
9,24,2023,77,ALB,444,4167,,150.132,L-95,150.132L-95,L,,33.8337,-86.04883,A
10,8,2023,77,ALB,444,4167,,150.132,L-95,150.132L-95,L,,33.83365,-86.04881,A
10,22,2023,77,ALB,444,4167,,150.132,L-95,150.132L-95,L,,33.83349,-86.04894,A
11,4,2023,77,ALB,444,4167,,150.132,L-95,150.132L-95,L,,33.83261,-86.04955,A
11,16,2023,77,ALB,444,4167,,150.132,L-95,150.132L-95,L,,33.8337,-86.0489,A
12,3,2023,77,ALB,444,4167,,150.132,L-95,150.132L-95,L,,33.83385,-86.04942,A
12,18,2023,77,ALB,444,4167,,150.132,L-95,150.132L-95,L,,33.83048,-86.05017,A
1,3,2024,77,ALB,444,4167,,150.132,L-95,150.132L-95,L,,33.82982,-86.04978,A
1,4,2023,59,LMB,474,4350,,150.132,L-96,150.132L-96,U,Added May 9,33.92074898,-86.05445562,A
5,8,2023,59,LMB,474,4350,,150.132,L-96,150.132L-96,U,13 mile move??? ,33.79212,-86.08133,A
5,24,2023,59,LMB,474,4350,,150.132,L-96,150.132L-96,U,,33.79196,-86.07536,A
6,5,2023,59,LMB,474,4350,,150.132,L-96,150.132L-96,U,,33.79183,-86.07511,A
6,21,2023,59,LMB,474,4350,,150.132,L-96,150.132L-96,U,,33.79186,-86.07518,A
7,6,2023,59,LMB,474,4350,,150.132,L-96,150.132L-96,U,,33.79217,-86.07527,A
7,17,2023,59,LMB,474,4350,,150.132,L-96,150.132L-96,U,,33.79092,-86.07557,A
8,3,2023,59,LMB,474,4350,,150.132,L-96,150.132L-96,U,,33.80641,-86.05755,A
8,26,2023,59,LMB,474,4350,,150.132,L-96,150.132L-96,U,,33.79178,-86.075,A
9,10,2023,59,LMB,474,4350,,150.132,L-96,150.132L-96,U,,33.79197,-86.07499,A
9,24,2023,59,LMB,474,4350,,150.132,L-96,150.132L-96,U,,33.80323,-86.05376,A
10,8,2023,59,LMB,474,4350,,150.132,L-96,150.132L-96,U,"11/3/2023, on dry land, removed",33.80212,-86.06032,D
1,5,2023,74,ALB,388,4199,,150.132,L-97,150.132L-97,L,Added June 4th,33.8590745,-86.04381273,A
6,5,2023,74,ALB,388,4199,,150.132,L-97,150.132L-97,L,,33.85204,-86.04712,A
6,22,2023,74,ALB,388,4199,,150.132,L-97,150.132L-97,L,,33.84959,-86.04833,A
7,6,2023,74,ALB,388,4199,,150.132,L-97,150.132L-97,L,,33.84983,-86.04827,A
7,17,2023,74,ALB,388,4199,,150.132,L-97,150.132L-97,L,,33.8512,-86.04764,A
8,3,2023,74,ALB,388,4199,,150.132,L-97,150.132L-97,L,,33.84982,-86.04827,A
8,26,2023,74,ALB,388,4199,,150.132,L-97,150.132L-97,L,,33.84984,-86.04821,A
9,10,2023,74,ALB,388,4199,,150.132,L-97,150.132L-97,L,,33.84952,-86.04861,A
9,24,2023,74,ALB,388,4199,,150.132,L-97,150.132L-97,L,,33.85123,-86.04756,A
10,8,2023,74,ALB,388,4199,,150.132,L-97,150.132L-97,L,,33.85248,-86.04685,A
10,22,2023,74,ALB,388,4199,,150.132,L-97,150.132L-97,L,,33.8523,-86.04711,A
11,4,2023,74,ALB,388,4199,,150.132,L-97,150.132L-97,L,,33.85178,-86.04869,A
11,16,2023,74,ALB,388,4199,,150.132,L-97,150.132L-97,L,,33.85156,-86.0474,A
12,3,2023,74,ALB,388,4199,,150.132,L-97,150.132L-97,L,,33.85241,-86.04698,A
12,18,2023,74,ALB,388,4199,,150.132,L-97,150.132L-97,L,,33.85219,-86.04723,A
1,3,2024,74,ALB,388,4199,,150.132,L-97,150.132L-97,L,,33.85159,-86.04733,A
1,2,2023,14,ALB,438,5054,NA,150.132,L-99,150.132L-99,U,,34.01145924,-85.91107092,A
4,13,2023,14,ALB,438,5054,NA,150.132,L-99,150.132L-99,U,,34.01221833,-85.90969,A
5,1,2023,14,ALB,438,5054,NA,150.132,L-99,150.132L-99,U,,34.01507,-85.91689,A
5,9,2023,14,ALB,438,5054,NA,150.132,L-99,150.132L-99,U,,34.01278,-85.91033,A
5,25,2023,14,ALB,438,5054,NA,150.132,L-99,150.132L-99,U,,34.01497,-85.91582,A
6,6,2023,14,ALB,438,5054,NA,150.132,L-99,150.132L-99,U,,34.01489,-85.91544,A
6,21,2023,14,ALB,438,5054,NA,150.132,L-99,150.132L-99,U,,34.01407,-85.91287,A
7,7,2023,14,ALB,438,5054,NA,150.132,L-99,150.132L-99,U,"Upper river, didn't find on 7/18",34.0142,-85.91346,A
8,3,2023,14,ALB,438,5054,NA,150.132,L-99,150.132L-99,U,,34.01455,-85.91415,A
8,27,2023,14,ALB,438,5054,NA,150.132,L-99,150.132L-99,U,,34.01481,-85.91527,A
9,11,2023,14,ALB,438,5054,NA,150.132,L-99,150.132L-99,U,,34.01486,-85.91542,A
9,25,2023,14,ALB,438,5054,NA,150.132,L-99,150.132L-99,U,,34.014,-85.91502,A
10,23,2023,14,ALB,438,5054,NA,150.132,L-99,150.132L-99,U,,34.01533,-85.92081,D
11,17,2023,14,ALB,438,5054,NA,150.132,L-99,150.132L-99,U,Removed,34.01524,-85.92077,D
1,2,2023,88,ALB,405,2413,NA,150.222,I-0,150.222I-0,L,,33.79843895,-86.05704445,A
4,12,2023,88,ALB,405,2413,NA,150.222,I-0,150.222I-0,L,,33.78544833,-86.05184167,A
4,29,2023,88,ALB,405,2413,NA,150.222,I-0,150.222I-0,L,,33.79413,-86.05886,A
5,8,2023,88,ALB,405,2413,NA,150.222,I-0,150.222I-0,L,,33.79422,-86.05889,A
5,24,2023,88,ALB,405,2413,NA,150.222,I-0,150.222I-0,L,,33.79507,-86.05785,A
6,5,2023,88,ALB,405,2413,NA,150.222,I-0,150.222I-0,L,,33.79424,-86.05884,A
7,6,2023,88,ALB,405,2413,NA,150.222,I-0,150.222I-0,L,,33.79225,-86.05887,A
7,17,2023,88,ALB,405,2413,NA,150.222,I-0,150.222I-0,L,,33.79534,-86.05744,A
8,3,2023,88,ALB,405,2413,NA,150.222,I-0,150.222I-0,L,,33.79538,-86.05747,A
8,26,2023,88,ALB,405,2413,NA,150.222,I-0,150.222I-0,L,,33.79534,-86.05748,A
9,10,2023,88,ALB,405,2413,NA,150.222,I-0,150.222I-0,L,,33.79498,-86.05773,A
9,24,2023,88,ALB,405,2413,NA,150.222,I-0,150.222I-0,L,,33.79539,-86.0575,A
10,8,2023,88,ALB,405,2413,NA,150.222,I-0,150.222I-0,L,,33.79264,-86.05676,A
10,22,2023,88,ALB,405,2413,NA,150.222,I-0,150.222I-0,L,,33.79509,-86.05755,A
11,4,2023,88,ALB,405,2413,NA,150.222,I-0,150.222I-0,L,,33.79499,-86.05784,A
11,16,2023,88,ALB,405,2413,NA,150.222,I-0,150.222I-0,L,,33.79533,-86.05742,A
12,3,2023,88,ALB,405,2413,NA,150.222,I-0,150.222I-0,L,,33.79505,-86.05754,A
12,18,2023,88,ALB,405,2413,NA,150.222,I-0,150.222I-0,L,,33.79501,-86.05764,A
1,3,2024,88,ALB,405,2413,NA,150.222,I-0,150.222I-0,L,,33.79438,-86.0584,A
1,2,2023,91,ALB,418,4473,NA,150.222,I-2,150.222I-2,L,,33.78712945,-86.05288195,A
4,12,2023,91,ALB,418,4473,NA,150.222,I-2,150.222I-2,L,,33.78417333,-86.061515,D
5,8,2023,91,ALB,418,4473,NA,150.222,I-2,150.222I-2,L,,33.78451,-86.06132,D
5,24,2023,91,ALB,418,4473,NA,150.222,I-2,150.222I-2,L,Removed,33.78441,-86.06126,D
1,6,2023,101,ALB,358,4359,NA,150.222,I-3,150.222I-3,L,,33.80626246,-86.06637535,A
4,12,2023,101,ALB,358,4359,NA,150.222,I-3,150.222I-3,L,,33.800855,-86.066065,A
4,29,2023,101,ALB,358,4359,NA,150.222,I-3,150.222I-3,L,,33.79986,-86.06629,A
5,8,2023,101,ALB,358,4359,NA,150.222,I-3,150.222I-3,L,,33.79999,-86.06606,A
5,24,2023,101,ALB,358,4359,NA,150.222,I-3,150.222I-3,L,,33.80047,-86.06609,A
6,5,2023,101,ALB,358,4359,NA,150.222,I-3,150.222I-3,L,,33.80036,-86.06608,A
6,21,2023,101,ALB,358,4359,NA,150.222,I-3,150.222I-3,L,,33.80047,-86.06602,A
7,6,2023,101,ALB,358,4359,NA,150.222,I-3,150.222I-3,L,,33.8004,-86.0661,A
7,17,2023,101,ALB,358,4359,NA,150.222,I-3,150.222I-3,L,,33.79995,-86.06672,A
8,3,2023,101,ALB,358,4359,NA,150.222,I-3,150.222I-3,L,,33.80095,-86.06625,A
8,26,2023,101,ALB,358,4359,NA,150.222,I-3,150.222I-3,L,,33.79993,-86.06671,A
9,10,2023,101,ALB,358,4359,NA,150.222,I-3,150.222I-3,L,,33.80005,-86.066,A
9,24,2023,101,ALB,358,4359,NA,150.222,I-3,150.222I-3,L,,33.80005,-86.06602,A
10,8,2023,101,ALB,358,4359,NA,150.222,I-3,150.222I-3,L,,33.79993,-86.0667,A
10,22,2023,101,ALB,358,4359,NA,150.222,I-3,150.222I-3,L,,33.79992,-86.06675,A
11,4,2023,101,ALB,358,4359,NA,150.222,I-3,150.222I-3,L,,33.79984,-86.06655,A
11,16,2023,101,ALB,358,4359,NA,150.222,I-3,150.222I-3,L,,33.80013,-86.066,A
12,3,2023,101,ALB,358,4359,NA,150.222,I-3,150.222I-3,L,,33.79975,-86.06682,A
12,18,2023,101,ALB,358,4359,NA,150.222,I-3,150.222I-3,L,,33.80014,-86.06599,A
1,3,2024,101,ALB,358,4359,NA,150.222,I-3,150.222I-3,L,,33.79985,-86.06661,A
1,5,2023,137,ALB,455,2142,,150.222,I-6,150.222I-6,L,Added June 4th,33.89994097,-86.1306918,A
6,5,2023,137,ALB,455,2142,,150.222,I-6,150.222I-6,L,,33.89662,-86.13513,A
6,22,2023,137,ALB,455,2142,,150.222,I-6,150.222I-6,L,Little Canoe,33.89663,-86.1345,A
12,15,2022,1,ALB,424,4163,NA,150.222,I-8,150.222I-8,U,"CAUGHT on 3/11/23, culled out",34.01628551,-85.94557137,A
4,12,2023,1,ALB,424,4163,NA,150.222,I-8,150.222I-8,U,Large move towards RC and SS,33.933925,-85.98676667,A
5,1,2023,1,ALB,424,4163,NA,150.222,I-8,150.222I-8,U,,33.93198,-85.98134,A
5,8,2023,1,ALB,424,4163,NA,150.222,I-8,150.222I-8,U,,33.93167,-85.98012,A
5,24,2023,1,ALB,424,4163,NA,150.222,I-8,150.222I-8,U,,33.93414,-85.98848,A
6,6,2023,1,ALB,424,4163,NA,150.222,I-8,150.222I-8,U,,33.93387,-85.98804,A
6,22,2023,1,ALB,424,4163,NA,150.222,I-8,150.222I-8,U,,33.93383,-85.98814,D
7,7,2023,1,ALB,424,4163,NA,150.222,I-8,150.222I-8,U,Removed,33.93387,-85.98819,D
12,12,2022,75,ALB,361,4022,4023,150.222,I-09,150.222I-09,L,"Dead OVER CAUSEWAY, removed",33.8473324,-86.05024701,A
12,8,2022,71,LMB,417,1612,NA,150.222,I-14,150.222I-14,L,,33.87195876,-86.05455109,A
4,30,2023,71,LMB,417,1612,NA,150.222,I-14,150.222I-14,L,,33.82783,-86.0446,A
5,8,2023,71,LMB,417,1612,NA,150.222,I-14,150.222I-14,L,,33.82704,-86.0442,A
5,24,2023,71,LMB,417,1612,NA,150.222,I-14,150.222I-14,L,,33.82818,-86.04813,A
6,5,2023,71,LMB,417,1612,NA,150.222,I-14,150.222I-14,L,,33.82829,-86.04815,A
6,22,2023,71,LMB,417,1612,NA,150.222,I-14,150.222I-14,L,,33.8255,-86.04784,A
7,6,2023,71,LMB,417,1612,NA,150.222,I-14,150.222I-14,L,,33.82741,-86.04439,A
7,17,2023,71,LMB,417,1612,NA,150.222,I-14,150.222I-14,L,,33.82808,-86.04481,A
8,3,2023,71,LMB,417,1612,NA,150.222,I-14,150.222I-14,L,,33.82646,-86.04552,A
8,26,2023,71,LMB,417,1612,NA,150.222,I-14,150.222I-14,L,,33.82762,-86.04458,A
9,10,2023,71,LMB,417,1612,NA,150.222,I-14,150.222I-14,L,,33.82653,-86.04565,A
9,24,2023,71,LMB,417,1612,NA,150.222,I-14,150.222I-14,L,,33.82767,-86.04458,A
10,8,2023,71,LMB,417,1612,NA,150.222,I-14,150.222I-14,L,,33.82669,-86.04397,A
10,22,2023,71,LMB,417,1612,NA,150.222,I-14,150.222I-14,L,,33.82737,-86.04801,A
11,4,2023,71,LMB,417,1612,NA,150.222,I-14,150.222I-14,L,,33.82714,-86.04803,A
11,16,2023,71,LMB,417,1612,NA,150.222,I-14,150.222I-14,L,,33.82652,-86.04427,A
12,3,2023,71,LMB,417,1612,NA,150.222,I-14,150.222I-14,L,,33.83181,-86.047,A
1,3,2024,71,LMB,417,1612,NA,150.222,I-14,150.222I-14,L,,33.82506,-86.049,A
12,12,2022,73,LMB,397,1618,1619,150.222,I-15,150.222I-15,L,Added May 9,33.85859905,-86.05218741,A
5,8,2023,73,LMB,397,1618,1619,150.222,I-15,150.222I-15,L,,33.84989,-86.04816,A
5,24,2023,73,LMB,397,1618,1619,150.222,I-15,150.222I-15,L,,33.8545,-86.04588,A
6,5,2023,73,LMB,397,1618,1619,150.222,I-15,150.222I-15,L,,33.85665,-86.04833,A
6,22,2023,73,LMB,397,1618,1619,150.222,I-15,150.222I-15,L,,33.85403,-86.04921,A
7,6,2023,73,LMB,397,1618,1619,150.222,I-15,150.222I-15,L,,33.8541,-86.04926,A
7,17,2023,73,LMB,397,1618,1619,150.222,I-15,150.222I-15,L,,33.85411,-86.04904,A
8,3,2023,73,LMB,397,1618,1619,150.222,I-15,150.222I-15,L,,33.85397,-86.04915,A
8,26,2023,73,LMB,397,1618,1619,150.222,I-15,150.222I-15,L,,33.85986,-86.09829,A
9,10,2023,73,LMB,397,1618,1619,150.222,I-15,150.222I-15,L,,33.8598,-86.09831,D
9,24,2023,73,LMB,397,1618,1619,150.222,I-15,150.222I-15,L,Removed,33.85984,-86.09831,D
7,17,2023,167,LMB,532,1444,1443,150.222,I-16,150.222I-16,U,Added July 17th,33.93734,-85.99235,A
8,4,2023,167,LMB,532,1444,1443,150.222,I-16,150.222I-16,U,Added July 17th,33.93811,-85.99395,A
8,27,2023,167,LMB,532,1444,1443,150.222,I-16,150.222I-16,U,Added July 17th,33.94116,-85.99797,A
9,10,2023,167,LMB,532,1444,1443,150.222,I-16,150.222I-16,U,Added July 17th,33.93801,-85.99376,A
9,25,2023,167,LMB,532,1444,1443,150.222,I-16,150.222I-16,U,Added July 17th,33.93703,-85.99096,A
10,9,2023,167,LMB,532,1444,1443,150.222,I-16,150.222I-16,U,Added July 17th,33.94129,-85.99753,A
10,23,2023,167,LMB,532,1444,1443,150.222,I-16,150.222I-16,U,Added July 17th,33.93744,-85.9925,A
11,3,2023,167,LMB,532,1444,1443,150.222,I-16,150.222I-16,U,"CAUGHT on 11/11/23, CL, TJ",33.93756,-85.99307,A
7,17,2023,47,LMB,530,21,,150.222,I-17,150.222I-17,U,Added July 17th,33.93196,-85.96777,A
8,4,2023,47,LMB,530,21,,150.222,I-17,150.222I-17,U,Added July 17th,33.93303,-85.96148,A
8,27,2023,47,LMB,530,21,,150.222,I-17,150.222I-17,U,Added July 17th,33.9301,-85.97649,A
9,10,2023,47,LMB,530,21,,150.222,I-17,150.222I-17,U,Added July 17th,33.93007,-85.97686,A
9,25,2023,47,LMB,530,21,,150.222,I-17,150.222I-17,U,Added July 17th,33.93004,-85.97647,D
10,9,2023,47,LMB,530,21,,150.222,I-17,150.222I-17,U,Remove?,33.93006,-85.97695,D
10,23,2023,47,LMB,530,21,,150.222,I-17,150.222I-17,U,Removed,33.93,-85.97654,D
12,5,2022,45,LMB,482,1450,NA,150.222,I-18,150.222I-18,U,,33.94844029,-85.95134739,A
4,13,2023,45,LMB,482,1450,NA,150.222,I-18,150.222I-18,U,,33.94409,-85.95231167,A
5,1,2023,45,LMB,482,1450,NA,150.222,I-18,150.222I-18,U,,33.94391,-85.95212,A
5,8,2023,45,LMB,482,1450,NA,150.222,I-18,150.222I-18,U,,33.9439,-85.95104,A
5,25,2023,45,LMB,482,1450,NA,150.222,I-18,150.222I-18,U,,33.94396,-85.95257,A
6,6,2023,45,LMB,482,1450,NA,150.222,I-18,150.222I-18,U,,33.94369,-85.95101,A
6,22,2023,45,LMB,482,1450,NA,150.222,I-18,150.222I-18,U,"CAUGHT on 6/24/23, CL, TJ",33.944,-85.95204,A
12,8,2022,198,ALB,389,5007,5008,150.222,I-20,150.222I-20,U,,33.99031712,-86.00200125,A
4,13,2023,198,ALB,389,5007,5008,150.222,I-20,150.222I-20,U,,33.98399167,-86,D
5,9,2023,198,ALB,389,5007,5008,150.222,I-20,150.222I-20,U,,33.98601,-85.99884,D
5,25,2023,198,ALB,389,5007,5008,150.222,I-20,150.222I-20,U,Removed,33.98603,-85.99878,D
1,6,2023,70,ALB,432,4293,4294,150.222,I-21,150.222I-21,L,,33.87898657,-86.0409414,A
4,12,2023,70,ALB,432,4293,4294,150.222,I-21,150.222I-21,L,,33.87090333,-86.05734833,A
4,30,2023,70,ALB,432,4293,4294,150.222,I-21,150.222I-21,L,,33.87077,-86.05821,A
5,8,2023,70,ALB,432,4293,4294,150.222,I-21,150.222I-21,L,,33.87069,-86.0585,A
5,24,2023,70,ALB,432,4293,4294,150.222,I-21,150.222I-21,L,,33.87075,-86.05839,A
6,5,2023,70,ALB,432,4293,4294,150.222,I-21,150.222I-21,L,,33.87086,-86.05768,A
6,22,2023,70,ALB,432,4293,4294,150.222,I-21,150.222I-21,L,,33.87089,-86.05773,A
7,6,2023,70,ALB,432,4293,4294,150.222,I-21,150.222I-21,L,,33.87088,-86.05786,A
7,17,2023,70,ALB,432,4293,4294,150.222,I-21,150.222I-21,L,,33.87089,-86.05784,A
8,4,2023,70,ALB,432,4293,4294,150.222,I-21,150.222I-21,L,,33.87225,-86.05527,D
11,3,2023,70,ALB,432,4293,4294,150.222,I-21,150.222I-21,L,,33.8725,-86.05513,A
11,16,2023,70,ALB,432,4293,4294,150.222,I-21,150.222I-21,L,Removed,33.87257,-86.0552,D
1,6,2023,123,ALB,425,1757,NA,150.222,I-22,150.222I-22,L,,33.86006546,-86.08628868,A
4,12,2023,123,ALB,425,1757,NA,150.222,I-22,150.222I-22,L,,33.85973833,-86.08943833,A
4,30,2023,123,ALB,425,1757,NA,150.222,I-22,150.222I-22,L,"Big move to Coosa Landing, caught?",34.0107,-85.99664,A
5,9,2023,123,ALB,425,1757,NA,150.222,I-22,150.222I-22,L,,34.01295,-85.99364,A
5,25,2023,123,ALB,425,1757,NA,150.222,I-22,150.222I-22,L,,34.01305,-85.96755,A
6,6,2023,123,ALB,425,1757,NA,150.222,I-22,150.222I-22,L,,34.01318,-85.96749,A
6,21,2023,123,ALB,425,1757,NA,150.222,I-22,150.222I-22,L,,34.01256,-85.96694,A
7,7,2023,123,ALB,425,1757,NA,150.222,I-22,150.222I-22,L,,34.01273,-85.96716,A
7,18,2023,123,ALB,425,1757,NA,150.222,I-22,150.222I-22,L,,34.01268,-85.96716,D
8,4,2023,123,ALB,425,1757,NA,150.222,I-22,150.222I-22,L,,34.01275,-85.96717,A
8,27,2023,123,ALB,425,1757,NA,150.222,I-22,150.222I-22,L,,34.01266,-85.96705,D
9,11,2023,123,ALB,425,1757,NA,150.222,I-22,150.222I-22,L,Removed,34.01271,-85.96711,D
1,6,2023,197,ALB,490,4299,4297,150.222,I-23,150.222I-23,U,,33.9918068,-86.01125551,A
1,2,2023,88,ALB,490,2417,,150.222,I-26,150.222I-26,L,Added May 9,33.79843895,-86.05704445,A
5,8,2023,88,ALB,490,2417,,150.222,I-26,150.222I-26,L,,33.85447,-86.05249,A
5,24,2023,88,ALB,490,2417,,150.222,I-26,150.222I-26,L,,33.86856,-86.09581,D
6,22,2023,88,ALB,490,2417,,150.222,I-26,150.222I-26,L,Remove?,33.86889,-86.09544,D
7,6,2023,88,ALB,490,2417,,150.222,I-26,150.222I-26,L,Removed,33.86878,-86.09559,D
12,7,2022,33,LMB,529,52,51,150.222,J-33,150.222J-33,U,,33.99581705,-85.99383139,A
4,12,2023,33,LMB,529,52,51,150.222,J-33,150.222J-33,U,,33.98934,-85.99888167,A
5,9,2023,33,LMB,529,52,51,150.222,J-33,150.222J-33,U,,33.98977,-85.99858,D
5,25,2023,33,LMB,529,52,51,150.222,J-33,150.222J-33,U,Removed,33.98988,-85.99861,D
12,9,2022,99,LMB,431,5043,NA,150.222,J-34,150.222J-34,L,,33.79982434,-86.07441521,A
4,12,2023,99,LMB,431,5043,NA,150.222,J-34,150.222J-34,L,,33.80317,-86.07278,A
4,29,2023,99,LMB,431,5043,NA,150.222,J-34,150.222J-34,L,,33.8039,-86.07486,A
5,8,2023,99,LMB,431,5043,NA,150.222,J-34,150.222J-34,L,,33.80337,-86.07385,A
5,24,2023,99,LMB,431,5043,NA,150.222,J-34,150.222J-34,L,,33.80357,-86.07425,A
6,5,2023,99,LMB,431,5043,NA,150.222,J-34,150.222J-34,L,,33.80149,-86.06668,A
6,21,2023,99,LMB,431,5043,NA,150.222,J-34,150.222J-34,L,,33.80286,-86.07128,A
7,6,2023,99,LMB,431,5043,NA,150.222,J-34,150.222J-34,L,,33.80261,-86.07127,A
7,17,2023,99,LMB,431,5043,NA,150.222,J-34,150.222J-34,L,,33.80328,-86.07097,A
8,3,2023,99,LMB,431,5043,NA,150.222,J-34,150.222J-34,L,,33.80273,-86.07114,A
8,26,2023,99,LMB,431,5043,NA,150.222,J-34,150.222J-34,L,,33.80293,-86.07121,A
9,10,2023,99,LMB,431,5043,NA,150.222,J-34,150.222J-34,L,,33.80359,-86.07025,A
9,24,2023,99,LMB,431,5043,NA,150.222,J-34,150.222J-34,L,,33.80352,-86.06976,A
10,8,2023,99,LMB,431,5043,NA,150.222,J-34,150.222J-34,L,,33.81473,-86.03738,A
10,22,2023,99,LMB,431,5043,NA,150.222,J-34,150.222J-34,L,,33.80344,-86.07393,A
11,4,2023,99,LMB,431,5043,NA,150.222,J-34,150.222J-34,L,,33.80305,-86.0723,A
11,16,2023,99,LMB,431,5043,NA,150.222,J-34,150.222J-34,L,,33.80322,-86.07088,A
12,3,2023,99,LMB,431,5043,NA,150.222,J-34,150.222J-34,L,,33.79139,-86.08348,A
12,18,2023,99,LMB,431,5043,NA,150.222,J-34,150.222J-34,L,,33.78971,-86.07816,A
1,3,2024,99,LMB,431,5043,NA,150.222,J-34,150.222J-34,L,,33.79014,-86.07773,A
12,8,2022,70,ALB,354,538,NA,150.222,J-35,150.222J-35,L,,33.87898657,-86.0409414,A
4,12,2023,70,ALB,354,538,NA,150.222,J-35,150.222J-35,L,,33.93309333,-86.04170667,A
4,30,2023,70,ALB,354,538,NA,150.222,J-35,150.222J-35,L,,33.93747,-85.99677,A
5,8,2023,70,ALB,354,538,NA,150.222,J-35,150.222J-35,L,,33.94285,-86.0256,A
5,24,2023,70,ALB,354,538,NA,150.222,J-35,150.222J-35,L,,33.93145,-85.97887,A
6,22,2023,70,ALB,354,538,NA,150.222,J-35,150.222J-35,L,,33.93207,-85.98183,A
7,7,2023,70,ALB,354,538,NA,150.222,J-35,150.222J-35,L,,33.93195,-85.98208,A
7,17,2023,70,ALB,354,538,NA,150.222,J-35,150.222J-35,L,"MN Bend, not seen 8/3",33.91276,-86.06628,A
8,26,2023,70,ALB,354,538,NA,150.222,J-35,150.222J-35,L,,33.9219,-86.05926,D
9,10,2023,70,ALB,354,538,NA,150.222,J-35,150.222J-35,L,Removed,33.92189,-86.05922,D
12,12,2022,74,ALB,437,1627,NA,150.222,J-37,150.222J-37,L,,33.8590745,-86.04381273,A
4,12,2023,74,ALB,437,1627,NA,150.222,J-37,150.222J-37,L,,33.85043333,-86.04806167,A
4,30,2023,74,ALB,437,1627,NA,150.222,J-37,150.222J-37,L,,33.84896,-86.04942,A
5,24,2023,74,ALB,437,1627,NA,150.222,J-37,150.222J-37,L,,33.84858,-86.04892,A
6,5,2023,74,ALB,437,1627,NA,150.222,J-37,150.222J-37,L,,33.84961,-86.0485,A
6,22,2023,74,ALB,437,1627,NA,150.222,J-37,150.222J-37,L,,33.84982,-86.04833,A
7,6,2023,74,ALB,437,1627,NA,150.222,J-37,150.222J-37,L,,33.84961,-86.04853,A
7,17,2023,74,ALB,437,1627,NA,150.222,J-37,150.222J-37,L,,33.85001,-86.04829,A
8,3,2023,74,ALB,437,1627,NA,150.222,J-37,150.222J-37,L,,33.84967,-86.04833,A
8,26,2023,74,ALB,437,1627,NA,150.222,J-37,150.222J-37,L,,33.84995,-86.04828,A
9,10,2023,74,ALB,437,1627,NA,150.222,J-37,150.222J-37,L,,33.85345,-86.04633,A
9,24,2023,74,ALB,437,1627,NA,150.222,J-37,150.222J-37,L,,33.85216,-86.0471,A
10,8,2023,74,ALB,437,1627,NA,150.222,J-37,150.222J-37,L,,33.85305,-86.04653,A
10,22,2023,74,ALB,437,1627,NA,150.222,J-37,150.222J-37,L,,33.85319,-86.04651,A
11,4,2023,74,ALB,437,1627,NA,150.222,J-37,150.222J-37,L,,33.85311,-86.04655,A
11,16,2023,74,ALB,437,1627,NA,150.222,J-37,150.222J-37,L,,33.84995,-86.04842,A
12,3,2023,74,ALB,437,1627,NA,150.222,J-37,150.222J-37,L,,33.85147,-86.0474,A
12,18,2023,74,ALB,437,1627,NA,150.222,J-37,150.222J-37,L,,33.85348,-86.04652,A
1,3,2023,74,ALB,437,1627,NA,150.222,J-37,150.222J-37,L,,33.85342,-86.04651,A
8,4,2023,193,LMB,518,65,,150.222,J-39,150.222J-39,U,Added July 17th,33.97921,-86.02802,A
8,27,2023,193,LMB,518,65,,150.222,J-39,150.222J-39,U,Added July 17th,33.97971,-86.02855,A
9,11,2023,193,LMB,518,65,,150.222,J-39,150.222J-39,U,Added July 17th,33.97929,-86.02819,A
9,25,2023,193,LMB,518,65,,150.222,J-39,150.222J-39,U,Added July 17th,33.97921,-86.02814,A
10,9,2023,193,LMB,518,65,,150.222,J-39,150.222J-39,U,Added July 17th,33.97929,-86.02793,A
11,17,2023,193,LMB,518,65,,150.222,J-39,150.222J-39,U,Added July 17th,33.97944,-86.02834,A
12,4,2023,193,LMB,518,65,,150.222,J-39,150.222J-39,U,Added July 17th,33.99221,-86.01247,A
12,19,2023,193,LMB,518,65,,150.222,J-39,150.222J-39,U,Added July 17th,33.99109,-86.00935,A
1,4,2024,193,LMB,518,65,,150.222,J-39,150.222J-39,U,Added July 17th,33.99085,-86.00677,A
8,4,2023,197,LMB,427,56,,150.222,J-40,150.222J-40,U,Added July 17th,33.97959,-86.02744,A
8,27,2023,197,LMB,427,56,,150.222,J-40,150.222J-40,U,Added July 17th,33.98145,-86.0273,A
9,11,2023,197,LMB,427,56,,150.222,J-40,150.222J-40,U,Added July 17th,33.98143,-86.02742,A
9,25,2023,197,LMB,427,56,,150.222,J-40,150.222J-40,U,Added July 17th,33.97941,-86.02756,A
10,9,2023,197,LMB,427,56,,150.222,J-40,150.222J-40,U,Added July 17th,33.98543,-86.00743,A
11,3,2023,197,LMB,427,56,,150.222,J-40,150.222J-40,U,Added July 17th,33.99031,-86.00258,A
11,17,2023,197,LMB,427,56,,150.222,J-40,150.222J-40,U,Added July 17th,33.98282,-86.01084,A
12,4,2023,197,LMB,427,56,,150.222,J-40,150.222J-40,U,Added July 17th,33.98818,-86.00498,A
12,19,2023,197,LMB,427,56,,150.222,J-40,150.222J-40,U,Added July 17th,33.98825,-85.99991,A
1,4,2024,197,LMB,427,56,,150.222,J-40,150.222J-40,U,Added July 17th,33.98844,-85.99991,A
12,8,2022,101,ALB,400,5030,,150.222,J-41,150.222J-41,L,Added June 4th,33.80626246,-86.06637535,A
6,5,2023,101,ALB,400,5030,,150.222,J-41,150.222J-41,L,,33.80831,-86.06568,A
6,21,2023,101,ALB,400,5030,,150.222,J-41,150.222J-41,L,,33.80818,-86.06548,A
7,6,2023,101,ALB,400,5030,,150.222,J-41,150.222J-41,L,,33.80767,-86.06553,A
7,17,2023,101,ALB,400,5030,,150.222,J-41,150.222J-41,L,"Bluff S of Shoal Creek, not found 8/3",33.80757,-86.06563,A
8,26,2023,101,ALB,400,5030,,150.222,J-41,150.222J-41,L,,33.80829,-86.06606,A
10,22,2023,101,ALB,400,5030,,150.222,J-41,150.222J-41,L,,33.83266,-86.05499,D
11,4,2023,101,ALB,400,5030,,150.222,J-41,150.222J-41,L,Removed,33.83272,-86.05503,D
12,5,2022,42,LMB,417,1471,NA,150.222,I-75,150.222I-75,U,,33.95273164,-85.95827413,A
4,13,2023,42,LMB,417,1471,NA,150.222,I-75,150.222I-75,U,,33.95489,-85.95245333,A
5,1,2023,42,LMB,417,1471,NA,150.222,I-75,150.222I-75,U,,33.95471,-85.9523,A
5,8,2023,42,LMB,417,1471,NA,150.222,I-75,150.222I-75,U,,33.95409,-85.95233,A
5,25,2023,42,LMB,417,1471,NA,150.222,I-75,150.222I-75,U,"Big move to CL, caught?",34.00813,-85.99854,A
6,6,2023,42,LMB,417,1471,NA,150.222,I-75,150.222I-75,U,,34.00828,-85.99841,A
6,21,2023,42,LMB,417,1471,NA,150.222,I-75,150.222I-75,U,,34.00833,-85.99845,A
7,7,2023,42,LMB,417,1471,NA,150.222,I-75,150.222I-75,U,,34.0083,-85.99843,A
7,18,2023,42,LMB,417,1471,NA,150.222,I-75,150.222I-75,U,,34.00849,-85.99832,A
8,4,2023,42,LMB,417,1471,NA,150.222,I-75,150.222I-75,U,"Not found 8/27, CL fish",34.00838,-85.99837,A
12,12,2022,74,ALB,477,2424,,150.222,L-84,150.222L-84,L,Added June 4th,33.8590745,-86.04381273,A
6,22,2023,74,ALB,477,2424,,150.222,L-84,150.222L-84,L,,33.831,-86.04708,A
7,6,2023,74,ALB,477,2424,,150.222,L-84,150.222L-84,L,,33.83102,-86.04705,A
7,17,2023,74,ALB,477,2424,,150.222,L-84,150.222L-84,L,,33.83106,-86.04694,A
8,3,2023,74,ALB,477,2424,,150.222,L-84,150.222L-84,L,,33.83107,-86.04694,D
8,26,2023,74,ALB,477,2424,,150.222,L-84,150.222L-84,L,Remove,33.83103,-86.04696,D
9,10,2023,74,ALB,477,2424,,150.222,L-84,150.222L-84,L,Removed,33.83094,-86.04708,D
12,7,2022,124,LMB,453,1404,1403,150.222,L-85,150.222L-85,L,,33.85683154,-86.10149534,A
4,12,2023,124,LMB,453,1404,1403,150.222,L-85,150.222L-85,L,,33.85724,-86.10325167,A
4,30,2023,124,LMB,453,1404,1403,150.222,L-85,150.222L-85,L,,33.85423,-86.11306,A
5,8,2023,124,LMB,453,1404,1403,150.222,L-85,150.222L-85,L,,33.85404,-86.11482,A
5,24,2023,124,LMB,453,1404,1403,150.222,L-85,150.222L-85,L,,33.85404,-86.11182,A
6,5,2023,124,LMB,453,1404,1403,150.222,L-85,150.222L-85,L,,33.85408,-86.11239,A
6,22,2023,124,LMB,453,1404,1403,150.222,L-85,150.222L-85,L,,33.85562,-86.11638,A
7,6,2023,124,LMB,453,1404,1403,150.222,L-85,150.222L-85,L,,33.85593,-86.11207,A
7,17,2023,124,LMB,453,1404,1403,150.222,L-85,150.222L-85,L,,33.8556,-86.1164,A
8,3,2023,124,LMB,453,1404,1403,150.222,L-85,150.222L-85,L,,33.8551,-86.11355,A
8,26,2023,124,LMB,453,1404,1403,150.222,L-85,150.222L-85,L,,33.85509,-86.11355,D
9,10,2023,124,LMB,453,1404,1403,150.222,L-85,150.222L-85,L,Removed,33.85506,-86.11369,D
12,7,2022,128,LMB,530,548,NA,150.222,L-86,150.222L-86,L,,33.85866878,-86.10396585,A
4,12,2023,128,LMB,530,548,NA,150.222,L-86,150.222L-86,L,,33.85799167,-86.10174167,A
4,30,2023,128,LMB,530,548,NA,150.222,L-86,150.222L-86,L,,33.85718,-86.10753,A
5,8,2023,128,LMB,530,548,NA,150.222,L-86,150.222L-86,L,,33.85817,-86.1007,A
5,24,2023,128,LMB,530,548,NA,150.222,L-86,150.222L-86,L,,33.85815,-86.10254,A
6,5,2023,128,LMB,530,548,NA,150.222,L-86,150.222L-86,L,,33.85873,-86.11111,A
6,22,2023,128,LMB,530,548,NA,150.222,L-86,150.222L-86,L,,33.85734,-86.10986,A
7,6,2023,128,LMB,530,548,NA,150.222,L-86,150.222L-86,L,,33.85798,-86.10212,A
7,17,2023,128,LMB,530,548,NA,150.222,L-86,150.222L-86,L,,33.85789,-86.1018,A
8,3,2023,128,LMB,530,548,NA,150.222,L-86,150.222L-86,L,,33.8573,-86.10988,A
8,26,2023,128,LMB,530,548,NA,150.222,L-86,150.222L-86,L,,33.8576,-86.10758,A
9,10,2023,128,LMB,530,548,NA,150.222,L-86,150.222L-86,L,,33.85872,-86.11116,A
9,24,2023,128,LMB,530,548,NA,150.222,L-86,150.222L-86,L,,33.85852,-86.11117,A
10,8,2023,128,LMB,530,548,NA,150.222,L-86,150.222L-86,L,,33.86023,-86.09839,A
10,22,2023,128,LMB,530,548,NA,150.222,L-86,150.222L-86,L,,33.85833,-86.10434,A
11,3,2023,128,LMB,530,548,NA,150.222,L-86,150.222L-86,L,,33.8712,-86.10507,A
11,16,2023,128,LMB,530,548,NA,150.222,L-86,150.222L-86,L,,33.87384,-86.1145,A
12,3,2023,128,LMB,530,548,NA,150.222,L-86,150.222L-86,L,,33.87388,-86.11229,A
12,18,2023,128,LMB,530,548,NA,150.222,L-86,150.222L-86,L,,33.87391,-86.11253,A
12,7,2022,124,LMB,512,2399,,150.222,L-87,150.222L-87,L,Added May 9,33.85683154,-86.10149534,A
5,8,2023,124,LMB,512,2399,,150.222,L-87,150.222L-87,L,,33.85771,-86.12624,A
5,24,2023,124,LMB,512,2399,,150.222,L-87,150.222L-87,L,,33.85453,-86.12906,A
6,5,2023,124,LMB,512,2399,,150.222,L-87,150.222L-87,L,,33.85753,-86.12668,A
6,22,2023,124,LMB,512,2399,,150.222,L-87,150.222L-87,L,"Perimeter Creek, pinged on 9/10 but no location",33.85726,-86.12699,A
9,24,2023,124,LMB,512,2399,,150.222,L-87,150.222L-87,L,,33.85675,-86.12751,A
10,8,2023,124,LMB,512,2399,,150.222,L-87,150.222L-87,L,,33.85595,-86.10944,A
10,22,2023,124,LMB,512,2399,,150.222,L-87,150.222L-87,L,,33.85831,-86.09325,A
11,3,2023,124,LMB,512,2399,,150.222,L-87,150.222L-87,L,,33.85979,-86.08998,A
12,3,2023,124,LMB,512,2399,,150.222,L-87,150.222L-87,L,,33.86317,-86.07807,A
12,18,2023,124,LMB,512,2399,,150.222,L-87,150.222L-87,L,,33.85464,-86.11038,A
1,3,2024,124,LMB,512,2399,,150.222,L-87,150.222L-87,L,,33.85616,-86.10579,A
12,7,2022,128,ALB,494,2395,NA,150.222,L-88,150.222L-88,L,,33.85866878,-86.10396585,A
4,12,2023,128,ALB,494,2395,NA,150.222,L-88,150.222L-88,L,,33.85964667,-86.09422167,A
4,30,2023,128,ALB,494,2395,NA,150.222,L-88,150.222L-88,L,,33.86127,-86.09599,A
5,8,2023,128,ALB,494,2395,NA,150.222,L-88,150.222L-88,L,,33.86067,-86.09558,A
5,24,2023,128,ALB,494,2395,NA,150.222,L-88,150.222L-88,L,On ramp,33.86493,-86.10369,D
6,5,2023,128,ALB,494,2395,NA,150.222,L-88,150.222L-88,L,"Probably dead, on ramp",33.86496,-86.10383,A
7,6,2023,128,ALB,494,2395,NA,150.222,L-88,150.222L-88,L,On ramp,33.86497,-86.10365,A
7,17,2023,128,ALB,494,2395,NA,150.222,L-88,150.222L-88,L,Removed,33.865,-86.10356,D
12,8,2022,101,ALB,370,4060,NA,150.222,L-89,150.222L-89,L,,33.80626246,-86.06637535,A
4,12,2023,101,ALB,370,4060,NA,150.222,L-89,150.222L-89,L,,33.81149,-86.06666667,A
4,30,2023,101,ALB,370,4060,NA,150.222,L-89,150.222L-89,L,,33.81168,-86.06688,A
5,8,2023,101,ALB,370,4060,NA,150.222,L-89,150.222L-89,L,"CAUGHT on 5/20/23, DIED",33.81193,-86.06699,A
12,12,2022,27,ALB,514,1555,NA,150.222,L-90,150.222L-90,U,,34.01054997,-85.96464629,A
4,13,2023,27,ALB,514,1555,NA,150.222,L-90,150.222L-90,U,Error?,34.01549667,-85.92516333,D
5,1,2023,27,ALB,514,1555,NA,150.222,L-90,150.222L-90,U,,34.01582,-85.92453,A
5,9,2023,27,ALB,514,1555,NA,150.222,L-90,150.222L-90,U,,34.01582,-85.92442,A
5,25,2023,27,ALB,514,1555,NA,150.222,L-90,150.222L-90,U,,34.01595,-85.925,A
6,6,2023,27,ALB,514,1555,NA,150.222,L-90,150.222L-90,U,,34.01584,-85.92477,D
6,21,2023,27,ALB,514,1555,NA,150.222,L-90,150.222L-90,U,,34.01571,-85.92423,A
7,7,2023,27,ALB,514,1555,NA,150.222,L-90,150.222L-90,U,,34.01582,-85.92465,A
7,18,2023,27,ALB,514,1555,NA,150.222,L-90,150.222L-90,U,Remove,34.01588,-85.92478,D
8,3,2023,27,ALB,514,1555,NA,150.222,L-90,150.222L-90,U,,34.01586,-85.92475,A
8,27,2023,27,ALB,514,1555,NA,150.222,L-90,150.222L-90,U,Remove,34.01583,-85.92479,D
9,11,2023,27,ALB,514,1555,NA,150.222,L-90,150.222L-90,U,Removed,34.01582,-85.92473,A
12,7,2022,124,LMB,454,1405,NA,150.222,L-91,150.222L-91,L,,33.85683154,-86.10149534,A
4,12,2023,124,LMB,454,1405,NA,150.222,L-91,150.222L-91,L,,33.85414333,-86.113855,A
4,30,2023,124,LMB,454,1405,NA,150.222,L-91,150.222L-91,L,,33.85418,-86.11334,A
5,8,2023,124,LMB,454,1405,NA,150.222,L-91,150.222L-91,L,,33.85877,-86.12146,A
5,24,2023,124,LMB,454,1405,NA,150.222,L-91,150.222L-91,L,,33.85844,-86.12597,A
6,5,2023,124,LMB,454,1405,NA,150.222,L-91,150.222L-91,L,,33.85971,-86.12464,A
6,22,2023,124,LMB,454,1405,NA,150.222,L-91,150.222L-91,L,,33.85841,-86.12608,A
7,6,2023,124,LMB,454,1405,NA,150.222,L-91,150.222L-91,L,,33.8584,-86.12605,A
7,17,2023,124,LMB,454,1405,NA,150.222,L-91,150.222L-91,L,,33.8584,-86.12603,A
8,3,2023,124,LMB,454,1405,NA,150.222,L-91,150.222L-91,L,"Perimeter Creek, not found 8/26",33.85841,-86.12609,A
9,10,2023,124,LMB,454,1405,NA,150.222,L-91,150.222L-91,L,,33.85901,-86.12543,A
9,24,2023,124,LMB,454,1405,NA,150.222,L-91,150.222L-91,L,,33.8584,-86.12783,A
10,22,2023,124,LMB,454,1405,NA,150.222,L-91,150.222L-91,L,,33.85955,-86.12505,A
11,3,2023,124,LMB,454,1405,NA,150.222,L-91,150.222L-91,L,,33.85439,-86.11078,A
11,16,2023,124,LMB,454,1405,NA,150.222,L-91,150.222L-91,L,,33.85415,-86.11379,A
12,3,2023,124,LMB,454,1405,NA,150.222,L-91,150.222L-91,L,,33.85435,-86.11084,A
12,18,2023,124,LMB,454,1405,NA,150.222,L-91,150.222L-91,L,,33.85451,-86.11076,A
1,3,2024,124,LMB,454,1405,NA,150.222,L-91,150.222L-91,L,,33.85696,-86.10024,A
1,4,2023,6,ALB,395,5057,5058,150.222,L-95,150.222L-95,U,,34.00596444,-85.90323052,A
5,9,2023,6,ALB,395,5057,5058,150.222,L-95,150.222L-95,U,"Upper river, not found since may",34.00313,-85.90546,A
9,11,2023,6,ALB,395,5057,5058,150.222,L-95,150.222L-95,U,,34.00612,-85.88655,D
9,25,2023,6,ALB,395,5057,5058,150.222,L-95,150.222L-95,U,Removed,34.00617,-85.88664,D
10,9,2023,6,ALB,395,5057,5058,150.222,L-95,150.222L-95,U,,34.00607,-85.88651,D
1,3,2023,10,ALB,387,1786,NA,150.222,L-96,150.222L-96,U,,33.99961511,-85.88293573,A
4,13,2023,10,ALB,387,1786,NA,150.222,L-96,150.222L-96,U,,33.99559,-85.88142667,A
5,1,2023,10,ALB,387,1786,NA,150.222,L-96,150.222L-96,U,,33.99586,-85.88153,A
5,9,2023,10,ALB,387,1786,NA,150.222,L-96,150.222L-96,U,,33.99751,-85.88195,A
5,25,2023,10,ALB,387,1786,NA,150.222,L-96,150.222L-96,U,,33.99693,-85.88179,A
6,6,2023,10,ALB,387,1786,NA,150.222,L-96,150.222L-96,U,,33.99689,-85.88178,A
6,21,2023,10,ALB,387,1786,NA,150.222,L-96,150.222L-96,U,,33.98993,-85.88846,A
7,7,2023,10,ALB,387,1786,NA,150.222,L-96,150.222L-96,U,,33.99795,-85.88215,A
7,18,2023,10,ALB,387,1786,NA,150.222,L-96,150.222L-96,U,,33.99907,-85.88257,A
8,3,2023,10,ALB,387,1786,NA,150.222,L-96,150.222L-96,U,,33.99908,-85.8826,A
8,27,2023,10,ALB,387,1786,NA,150.222,L-96,150.222L-96,U,,33.99889,-85.8825,A
9,11,2023,10,ALB,387,1786,NA,150.222,L-96,150.222L-96,U,,33.99807,-85.88209,A
9,25,2023,10,ALB,387,1786,NA,150.222,L-96,150.222L-96,U,,33.99799,-85.88213,A
10,9,2023,10,ALB,387,1786,NA,150.222,L-96,150.222L-96,U,,33.99809,-85.88219,A
10,23,2023,10,ALB,387,1786,NA,150.222,L-96,150.222L-96,U,,33.99809,-85.88213,A
11,3,2023,10,ALB,387,1786,NA,150.222,L-96,150.222L-96,U,,33.99612,-85.88151,A
11,17,2023,10,ALB,387,1786,NA,150.222,L-96,150.222L-96,U,,33.99593,-85.88155,A
12,4,2023,10,ALB,387,1786,NA,150.222,L-96,150.222L-96,U,,33.99778,-85.88088,A
12,19,2023,10,ALB,387,1786,NA,150.222,L-96,150.222L-96,U,,33.99657,-85.8817,A
1,4,2024,10,ALB,387,1786,NA,150.222,L-96,150.222L-96,U,,33.99635,-85.88156,A
1,2,2023,31,ALB,390,2407,NA,150.222,L-97,150.222L-97,U,,34.00530715,-85.9992684,A
4,13,2023,31,ALB,390,2407,NA,150.222,L-97,150.222L-97,U,,34.01590667,-85.92555667,A
5,1,2023,31,ALB,390,2407,NA,150.222,L-97,150.222L-97,U,,34.01534,-85.92024,A
5,9,2023,31,ALB,390,2407,NA,150.222,L-97,150.222L-97,U,,34.01522,-85.92701,A
5,25,2023,31,ALB,390,2407,NA,150.222,L-97,150.222L-97,U,,34.01601,-85.92534,A
6,6,2023,31,ALB,390,2407,NA,150.222,L-97,150.222L-97,U,,34.01487,-85.92561,A
6,21,2023,31,ALB,390,2407,NA,150.222,L-97,150.222L-97,U,,34.01486,-85.92569,A
7,7,2023,31,ALB,390,2407,NA,150.222,L-97,150.222L-97,U,"CAUGHT on 7/11/23, CL, Reported",34.01485,-85.92571,A
1,2,2023,91,LMB,366,4475,NA,150.222,L-99,150.222L-99,L,Dam,33.78712945,-86.05288195,A
1,6,2023,197,ALB,364,4296,NA,150.333,I-0,150.333I-0,U,,33.9918068,-86.01125551,A
4,13,2023,197,ALB,364,4296,NA,150.333,I-0,150.333I-0,U,,33.98663667,-86,A
5,1,2023,197,ALB,364,4296,NA,150.333,I-0,150.333I-0,U,,33.98666,-86.00025,A
5,9,2023,197,ALB,364,4296,NA,150.333,I-0,150.333I-0,U,,33.98671,-86.00003,D
5,25,2023,197,ALB,364,4296,NA,150.333,I-0,150.333I-0,U,Removed,33.98664,-86.00007,D
1,3,2023,21,LMB,491,2404,NA,150.333,I-1,150.333I-1,U,,34.01572051,-85.94111653,A
4,13,2023,21,LMB,491,2404,NA,150.333,I-1,150.333I-1,U,,34.01526833,-85.94041,A
5,1,2023,21,LMB,491,2404,NA,150.333,I-1,150.333I-1,U,,34.01581,-85.93965,A
5,9,2023,21,LMB,491,2404,NA,150.333,I-1,150.333I-1,U,,34.01582,-85.93963,A
5,25,2023,21,LMB,491,2404,NA,150.333,I-1,150.333I-1,U,,34.01571,-85.94052,A
6,6,2023,21,LMB,491,2404,NA,150.333,I-1,150.333I-1,U,,34.01579,-85.94011,A
6,21,2023,21,LMB,491,2404,NA,150.333,I-1,150.333I-1,U,,34.01566,-85.94107,A
7,7,2023,21,LMB,491,2404,NA,150.333,I-1,150.333I-1,U,,34.0156,-85.94106,A
7,18,2023,21,LMB,491,2404,NA,150.333,I-1,150.333I-1,U,,34.01665,-85.93761,A
8,3,2023,21,LMB,491,2404,NA,150.333,I-1,150.333I-1,U,,34.01662,-85.93613,D
8,27,2023,21,LMB,491,2404,NA,150.333,I-1,150.333I-1,U,Remove?,34.0166,-85.93602,D
9,11,2023,21,LMB,491,2404,NA,150.333,I-1,150.333I-1,U,Removed,34.01662,-85.93621,A
1,4,2023,12,ALB,354,5069,NA,150.333,I-3,150.333I-3,U,,33.98761449,-85.8981915,A
4,13,2023,12,ALB,354,5069,NA,150.333,I-3,150.333I-3,U,,33.99179167,-85.901835,A
5,1,2023,12,ALB,354,5069,NA,150.333,I-3,150.333I-3,U,"CAUGHT on 5/7/2023, TJ",33.9907,-85.90141,A
1,4,2023,122,ALB,430,2143,,150.333,I-5,150.333I-5,L,Added June 4th,33.86473746,-86.07221174,A
6,5,2023,122,ALB,430,2143,,150.333,I-5,150.333I-5,L,,33.86322,-86.07763,A
6,22,2023,122,ALB,430,2143,,150.333,I-5,150.333I-5,L,,33.8643,-86.07482,A
7,6,2023,122,ALB,430,2143,,150.333,I-5,150.333I-5,L,,33.86314,-86.07819,A
7,17,2023,122,ALB,430,2143,,150.333,I-5,150.333I-5,L,,33.86308,-86.07826,A
8,4,2023,122,ALB,430,2143,,150.333,I-5,150.333I-5,L,"Middle of channel by canoe, not found 8/26",33.87134,-86.0601,D
9,10,2023,122,ALB,430,2143,,150.333,I-5,150.333I-5,L,Definitely dead,33.87142,-86.0602,A
9,24,2023,122,ALB,430,2143,,150.333,I-5,150.333I-5,L,Removed,33.87148,-86.06022,D
12,8,2022,120,ALB,420,529,,150.333,I-08,150.333I-08,L,Added June 4th,33.85119626,-86.06214484,A
6,5,2023,120,ALB,420,529,,150.333,I-08,150.333I-08,L,,33.85042,-86.06505,A
6,22,2023,120,ALB,420,529,,150.333,I-08,150.333I-08,L,,33.8506,-86.06503,A
7,6,2023,120,ALB,420,529,,150.333,I-08,150.333I-08,L,,33.8502,-86.06485,A
7,17,2023,120,ALB,420,529,,150.333,I-08,150.333I-08,L,,33.85029,-86.06451,A
8,3,2023,120,ALB,420,529,,150.333,I-08,150.333I-08,L,"Not found 8/27, across from levee",33.85046,-86.06461,A
12,8,2022,101,ALB,489,2432,NA,150.333,I-9,150.333I-9,L,,33.80626246,-86.06637535,A
4,12,2023,101,ALB,489,2432,NA,150.333,I-9,150.333I-9,L,,33.78314833,-86.05796667,A
5,8,2023,101,ALB,489,2432,NA,150.333,I-9,150.333I-9,L,,33.78272,-86.05813,D
5,24,2023,101,ALB,489,2432,NA,150.333,I-9,150.333I-9,L,Removed,33.78284,-86.05806,D
12,9,2022,76,ALB,446,1583,1582,150.333,I-11,150.333I-11,L,,33.84068838,-86.06346255,A
9,10,2023,76,ALB,446,1583,1582,150.333,I-11,150.333I-11,L,Middle of channel by canoe.  ,33.87532,-86.05319,D
9,24,2023,76,ALB,446,1583,1582,150.333,I-11,150.333I-11,L,Removed,33.87524,-86.05321,D
10,8,2023,76,ALB,446,1583,1582,150.333,I-11,150.333I-11,L,Removed,33.8753,-86.05311,D
7,18,2023,178,LMB,420,1745,,150.132,I-12,150.132I-12,U,Added July 17th,33.96481,-85.97688,A
8,4,2023,178,LMB,420,1745,,150.132,I-12,150.132I-12,U,Added July 17th,33.96545,-85.97714,A
8,27,2023,178,LMB,420,1745,,150.132,I-12,150.132I-12,U,Added July 17th,33.96457,-85.97586,A
9,11,2023,178,LMB,420,1745,,150.132,I-12,150.132I-12,U,Added July 17th,33.96457,-85.97597,A
9,25,2023,178,LMB,420,1745,,150.132,I-12,150.132I-12,U,Added July 17th,33.96522,-85.97669,A
10,9,2023,178,LMB,420,1745,,150.132,I-12,150.132I-12,U,Added July 17th,33.96486,-85.97621,A
10,23,2023,178,LMB,420,1745,,150.132,I-12,150.132I-12,U,"CAUGHT on 10/28, CC",33.96744,-85.9806,A
12,8,2022,98,LMB,357,5017,NA,150.333,I-13,150.333I-13,L,,33.79642056,-86.06634637,A
4,12,2023,98,LMB,357,5017,NA,150.333,I-13,150.333I-13,L,,33.79970833,-86.07332,D
5,8,2023,98,LMB,357,5017,NA,150.333,I-13,150.333I-13,L,,33.79975,-86.07334,A
5,24,2023,98,LMB,357,5017,NA,150.333,I-13,150.333I-13,L,,33.79973,-86.07331,A
6,5,2023,98,LMB,357,5017,NA,150.333,I-13,150.333I-13,L,"Appears dead, no dead code though",33.79972,-86.07328,A
6,21,2023,98,LMB,357,5017,NA,150.333,I-13,150.333I-13,L,Removed ,33.79968,-86.07334,D
12,9,2022,106,LMB,467,1595,NA,150.333,I-15,150.333I-15,L,,33.81577185,-86.09011654,A
4,12,2023,106,LMB,467,1595,NA,150.333,I-15,150.333I-15,L,,33.81779,-86.07910333,A
4,30,2023,106,LMB,467,1595,NA,150.333,I-15,150.333I-15,L,,33.81807,-86.07766,A
5,8,2023,106,LMB,467,1595,NA,150.333,I-15,150.333I-15,L,,33.81769,-86.07822,A
5,24,2023,106,LMB,467,1595,NA,150.333,I-15,150.333I-15,L,,33.81596,-86.07965,A
6,5,2023,106,LMB,467,1595,NA,150.333,I-15,150.333I-15,L,,33.81605,-86.07854,A
6,22,2023,106,LMB,467,1595,NA,150.333,I-15,150.333I-15,L,,33.81429,-86.07519,A
7,6,2023,106,LMB,467,1595,NA,150.333,I-15,150.333I-15,L,,33.81556,-86.07899,A
7,17,2023,106,LMB,467,1595,NA,150.333,I-15,150.333I-15,L,,33.81437,-86.0884,A
8,3,2023,106,LMB,467,1595,NA,150.333,I-15,150.333I-15,L,,33.81683,-86.07796,A
8,26,2023,106,LMB,467,1595,NA,150.333,I-15,150.333I-15,L,Moved up shoal creek,33.80706,-86.10514,A
9,10,2023,106,LMB,467,1595,NA,150.333,I-15,150.333I-15,L,,33.81749,-86.07897,A
9,24,2023,106,LMB,467,1595,NA,150.333,I-15,150.333I-15,L,,33.81677,-86.07821,A
11,16,2023,106,LMB,467,1595,NA,150.333,I-15,150.333I-15,L,,33.88588,-86.03622,D
12,9,2022,106,LMB,418,1600,NA,150.333,I-16,150.333I-16,L,,33.81577185,-86.09011654,A
4,12,2023,106,LMB,418,1600,NA,150.333,I-16,150.333I-16,L,,33.81608833,-86.08062833,A
4,30,2023,106,LMB,418,1600,NA,150.333,I-16,150.333I-16,L,,33.81613,-86.08053,A
5,8,2023,106,LMB,418,1600,NA,150.333,I-16,150.333I-16,L,,33.81629,-86.08063,A
5,24,2023,106,LMB,418,1600,NA,150.333,I-16,150.333I-16,L,,33.81611,-86.08065,A
6,5,2023,106,LMB,418,1600,NA,150.333,I-16,150.333I-16,L,"CAUGHT on 6/9/2023, CL, Reported",33.81555,-86.08324,A
12,9,2022,76,ALB,498,4139,NA,150.333,I-17,150.333I-17,L,,33.84068838,-86.06346255,A
4,12,2023,76,ALB,498,4139,NA,150.333,I-17,150.333I-17,L,,33.81666667,-86.05514667,A
5,8,2023,76,ALB,498,4139,NA,150.333,I-17,150.333I-17,L,,33.81706,-86.05528,D
5,24,2023,76,ALB,498,4139,NA,150.333,I-17,150.333I-17,L,Removed,33.81705,-86.0553,D
12,7,2022,123,ALB,424,1422,1429,150.333,I-18,150.333I-18,L,Added May 9,33.86006546,-86.08628868,A
5,8,2023,123,ALB,424,1422,1429,150.333,I-18,150.333I-18,L,,33.8635,-86.06504,A
5,24,2023,123,ALB,424,1422,1429,150.333,I-18,150.333I-18,L,,33.86515,-86.10371,D
6,5,2023,123,ALB,424,1422,1429,150.333,I-18,150.333I-18,L,Removed,33.86496,-86.10338,D
12,8,2022,101,ALB,437,5033,NA,150.333,I-20,150.333I-20,L,,33.80626246,-86.06637535,A
4,12,2023,101,ALB,437,5033,NA,150.333,I-20,150.333I-20,L,,33.80615,-86.06627,A
4,29,2023,101,ALB,437,5033,NA,150.333,I-20,150.333I-20,L,,33.80648,-86.06618,A
5,8,2023,101,ALB,437,5033,NA,150.333,I-20,150.333I-20,L,,33.80639,-86.06617,A
5,24,2023,101,ALB,437,5033,NA,150.333,I-20,150.333I-20,L,,33.8064,-86.06617,A
6,5,2023,101,ALB,437,5033,NA,150.333,I-20,150.333I-20,L,,33.80666,-86.06609,A
6,21,2023,101,ALB,437,5033,NA,150.333,I-20,150.333I-20,L,,33.80673,-86.06609,A
7,6,2023,101,ALB,437,5033,NA,150.333,I-20,150.333I-20,L,,33.80718,-86.06583,A
7,17,2023,101,ALB,437,5033,NA,150.333,I-20,150.333I-20,L,,33.80649,-86.06615,A
8,3,2023,101,ALB,437,5033,NA,150.333,I-20,150.333I-20,L,"bluff, not found 8/26",33.80742,-86.06575,A
12,3,2023,101,ALB,437,5033,NA,150.333,I-20,150.333I-20,L,,33.80755,-86.06368,D
12,18,2023,101,ALB,437,5033,NA,150.333,I-20,150.333I-20,L,Removed,33.80772,-86.06376,D
1,2,2023,88,LMB,352,2416,NA,150.333,I-21,150.333I-21,L,,33.79843895,-86.05704445,A
4,29,2023,88,LMB,352,2416,NA,150.333,I-21,150.333I-21,L,,33.79871,-86.05609,A
5,8,2023,88,LMB,352,2416,NA,150.333,I-21,150.333I-21,L,,33.79874,-86.05613,D
6,5,2023,88,LMB,352,2416,NA,150.333,I-21,150.333I-21,L,Removed,33.79873,-86.05605,D
1,6,2023,91,ALB,390,5075,,150.333,I-22,150.333I-22,L,Added May 9,33.78712945,-86.05288195,A
5,8,2023,91,ALB,390,5075,,150.333,I-22,150.333I-22,L,,33.78948,-86.07633,A
5,24,2023,91,ALB,390,5075,,150.333,I-22,150.333I-22,L,,33.79019,-86.07626,A
6,5,2023,91,ALB,390,5075,,150.333,I-22,150.333I-22,L,,33.78905,-86.07067,A
6,22,2023,91,ALB,390,5075,,150.333,I-22,150.333I-22,L,,33.82361,-86.05008,A
7,6,2023,91,ALB,390,5075,,150.333,I-22,150.333I-22,L,,33.83902,-86.06791,A
7,17,2023,91,ALB,390,5075,,150.333,I-22,150.333I-22,L,,33.84416,-86.05597,A
8,3,2023,91,ALB,390,5075,,150.333,I-22,150.333I-22,L,,33.79991,-86.06672,A
8,26,2023,91,ALB,390,5075,,150.333,I-22,150.333I-22,L,Brush pile by bluff,33.79994,-86.06667,A
1,2,2023,91,LMB,372,5086,NA,150.333,I-24,150.333I-24,L,Harvested 3/7/23,33.78712945,-86.05288195,A
1,6,2023,97,ALB,360,4355,4356,150.333,I-26,150.333I-26,L,,33.78956151,-86.0677914,A
4,12,2023,97,ALB,360,4355,4356,150.333,I-26,150.333I-26,L,,33.78504,-86.06451833,A
4,29,2023,97,ALB,360,4355,4356,150.333,I-26,150.333I-26,L,,33.78471,-86.0636,A
5,8,2023,97,ALB,360,4355,4356,150.333,I-26,150.333I-26,L,,33.78884,-86.06516,A
5,24,2023,97,ALB,360,4355,4356,150.333,I-26,150.333I-26,L,,33.78851,-86.06501,A
6,5,2023,97,ALB,360,4355,4356,150.333,I-26,150.333I-26,L,,33.79154,-86.06325,A
6,21,2023,97,ALB,360,4355,4356,150.333,I-26,150.333I-26,L,,33.78444,-86.06364,A
7,6,2023,97,ALB,360,4355,4356,150.333,I-26,150.333I-26,L,,33.78451,-86.06366,D
7,17,2023,97,ALB,360,4355,4356,150.333,I-26,150.333I-26,L,,33.78442,-86.0636,A
8,3,2023,97,ALB,360,4355,4356,150.333,I-26,150.333I-26,L,,33.78428,-86.0635,A
8,26,2023,97,ALB,360,4355,4356,150.333,I-26,150.333I-26,L,No location (angler fishing there),33.78429,-86.06355,A
9,24,2023,97,ALB,360,4355,4356,150.333,I-26,150.333I-26,L,Removed,33.7843,-86.06351,D
12,7,2022,197,ALB,451,61,60,150.333,J-33,150.333J-33,U,Tag removed 2/6/23,33.9918068,-86.01125551,A
12,6,2022,38,LMB,485,1461,NA,150.333,J-34,150.333J-34,U,,33.96399742,-85.97012871,A
4,13,2023,38,LMB,485,1461,NA,150.333,J-34,150.333J-34,U,"CAUGHT on 4/15/23, TJ",33.96176667,-85.96719667,A
12,7,2022,193,LMB,367,66,NA,150.333,J-36,150.333J-36,U,,33.98558586,-86.01840626,A
4,13,2023,193,LMB,367,66,NA,150.333,J-36,150.333J-36,U,,33.98688,-86.01873167,A
5,1,2023,193,LMB,367,66,NA,150.333,J-36,150.333J-36,U,,33.98716,-86.01926,A
5,9,2023,193,LMB,367,66,NA,150.333,J-36,150.333J-36,U,,33.98721,-86.01929,D
5,25,2023,193,LMB,367,66,NA,150.333,J-36,150.333J-36,U,Removed,33.98719,-86.01905,D
7,17,2023,169,LMB,501,2,,150.333,J-37,150.333J-37,U,Added July 17th,33.93417,-85.97741,A
8,4,2023,169,LMB,501,2,,150.333,J-37,150.333J-37,U,Added July 17th,33.93604,-85.97784,A
8,27,2023,169,LMB,501,2,,150.333,J-37,150.333J-37,U,Added July 17th,33.93376,-85.97702,A
9,10,2023,169,LMB,501,2,,150.333,J-37,150.333J-37,U,Added July 17th,33.93509,-85.97807,A
9,25,2023,169,LMB,501,2,,150.333,J-37,150.333J-37,U,Added July 17th,33.93444,-85.97761,A
10,9,2023,169,LMB,501,2,,150.333,J-37,150.333J-37,U,Added July 17th,33.93635,-85.97702,A
10,23,2023,169,LMB,501,2,,150.333,J-37,150.333J-37,U,Added July 17th,33.93447,-85.97793,A
11,3,2023,169,LMB,501,2,,150.333,J-37,150.333J-37,U,Added July 17th,33.93429,-85.97746,A
11,16,2023,169,LMB,501,2,,150.333,J-37,150.333J-37,U,Added July 17th,33.93429,-85.97738,A
12,4,2023,169,LMB,501,2,,150.333,J-37,150.333J-37,U,Added July 17th,33.93587,-85.97911,A
12,19,2023,169,LMB,501,2,,150.333,J-37,150.333J-37,U,Added July 17th,33.93592,-85.97898,A
1,4,2024,169,LMB,501,2,,150.333,J-37,150.333J-37,U,Added July 17th,33.93592,-85.97893,A
12,6,2022,168,LMB,422,140,NA,150.333,J-39,150.333J-39,U,,33.94047631,-85.99128436,A
4,13,2023,168,LMB,422,140,NA,150.333,J-39,150.333J-39,U,"Big move to CL, caught?",34.013265,-85.99577,A
5,1,2023,168,LMB,422,140,NA,150.333,J-39,150.333J-39,U,,34.00976,-85.95932,A
5,9,2023,168,LMB,422,140,NA,150.333,J-39,150.333J-39,U,,34.01956,-85.97919,A
5,25,2023,168,LMB,422,140,NA,150.333,J-39,150.333J-39,U,,34.0132,-85.99582,A
6,6,2023,168,LMB,422,140,NA,150.333,J-39,150.333J-39,U,,34.00779,-85.99991,A
6,21,2023,168,LMB,422,140,NA,150.333,J-39,150.333J-39,U,,34.01387,-85.99491,A
7,18,2023,168,LMB,422,140,NA,150.333,J-39,150.333J-39,U,"759 Bridge, not found 8/3 or 8/27",33.99583,-86.00027,A
12,8,2022,70,LMB,424,2394,NA,150.333,J-40,150.333J-40,L,,33.87898657,-86.0409414,A
4,12,2023,70,LMB,424,2394,NA,150.333,J-40,150.333J-40,L,,33.85385833,-86.04616833,A
4,30,2023,70,LMB,424,2394,NA,150.333,J-40,150.333J-40,L,,33.8462,-86.05186,A
5,8,2023,70,LMB,424,2394,NA,150.333,J-40,150.333J-40,L,,33.84631,-86.05155,A
5,24,2023,70,LMB,424,2394,NA,150.333,J-40,150.333J-40,L,,33.84913,-86.0492,A
6,5,2023,70,LMB,424,2394,NA,150.333,J-40,150.333J-40,L,,33.84867,-86.04953,A
6,22,2023,70,LMB,424,2394,NA,150.333,J-40,150.333J-40,L,,33.87972,-86.0407,A
7,6,2023,70,LMB,424,2394,NA,150.333,J-40,150.333J-40,L,,33.88141,-86.03997,A
7,17,2023,70,LMB,424,2394,NA,150.333,J-40,150.333J-40,L,,33.87277,-86.05367,A
8,3,2023,70,LMB,424,2394,NA,150.333,J-40,150.333J-40,L,,33.83899,-86.08591,A
8,26,2023,70,LMB,424,2394,NA,150.333,J-40,150.333J-40,L,,33.83896,-86.08596,A
9,10,2023,70,LMB,424,2394,NA,150.333,J-40,150.333J-40,L,,33.83901,-86.08587,D
9,24,2023,70,LMB,424,2394,NA,150.333,J-40,150.333J-40,L,Removed,33.8391,-86.08572,D
12,7,2022,33,ALB,445,1703,NA,150.333,J-41,150.333J-41,U,,33.99581705,-85.99383139,A
9,11,2023,33,ALB,445,1703,NA,150.333,J-41,150.333J-41,U,Way upriver,34.06684,-85.90802,D
12,8,2022,70,LMB,446,537,NA,150.333,I-75,150.333I-75,L,,33.87898657,-86.0409414,A
5,8,2023,70,LMB,446,537,NA,150.333,I-75,150.333I-75,L,,33.8825,-86.05054,A
5,24,2023,70,LMB,446,537,NA,150.333,I-75,150.333I-75,L,Creek across from Canoe,33.88371,-86.05151,A
12,7,2022,33,ALB,452,1709,NA,150.333,L-84,150.333L-84,U,,33.99581705,-85.99383139,A
12,8,2022,198,ALB,394,5011,5012,150.333,L-85,150.333L-85,U,,33.99031712,-86.00200125,A
4,13,2023,198,ALB,394,5011,5012,150.333,L-85,150.333L-85,U,,33.99485333,-85.99966167,A
5,9,2023,198,ALB,394,5011,5012,150.333,L-85,150.333L-85,U,,33.99413,-86.00087,A
5,25,2023,198,ALB,394,5011,5012,150.333,L-85,150.333L-85,U,,33.99197,-86.00039,A
7,18,2023,198,ALB,394,5011,5012,150.333,L-85,150.333L-85,U,,33.99224,-86.00039,A
8,4,2023,198,ALB,394,5011,5012,150.333,L-85,150.333L-85,U,,33.99178,-86.0003,A
8,27,2023,198,ALB,394,5011,5012,150.333,L-85,150.333L-85,U,,33.96121,-85.97187,A
9,11,2023,198,ALB,394,5011,5012,150.333,L-85,150.333L-85,U,,33.96113,-85.97186,A
9,25,2023,198,ALB,394,5011,5012,150.333,L-85,150.333L-85,U,,33.9611,-85.97175,D
10,9,2023,198,ALB,394,5011,5012,150.333,L-85,150.333L-85,U,Removed,33.96115,-85.97186,D
12,5,2022,42,LMB,383,1477,,150.333,L-89,150.333L-89,U,Added May 9,33.95273164,-85.95827413,A
5,25,2023,42,LMB,383,1477,,150.333,L-89,150.333L-89,U,,33.95582,-85.95442,A
6,6,2023,42,LMB,383,1477,,150.333,L-89,150.333L-89,U,,33.95551,-85.95405,A
6,22,2023,42,LMB,383,1477,,150.333,L-89,150.333L-89,U,,33.95576,-85.95437,A
7,7,2023,42,LMB,383,1477,,150.333,L-89,150.333L-89,U,,33.95549,-85.95414,A
7,17,2023,42,LMB,383,1477,,150.333,L-89,150.333L-89,U,,33.95569,-85.95418,A
8,4,2023,42,LMB,383,1477,,150.333,L-89,150.333L-89,U,"Big move , MN Bend, not found 8/27  ",33.92472,-86.0483,A
12,6,2022,43,LMB,476,2447,NA,150.333,L-90,150.333L-90,U,,33.94967998,-85.95514884,A
4,13,2023,43,LMB,476,2447,NA,150.333,L-90,150.333L-90,U,,33.94676667,-85.95332833,A
5,1,2023,43,LMB,476,2447,NA,150.333,L-90,150.333L-90,U,,33.94836,-85.9536,A
5,8,2023,43,LMB,476,2447,NA,150.333,L-90,150.333L-90,U,,33.94718,-85.95156,A
5,25,2023,43,LMB,476,2447,NA,150.333,L-90,150.333L-90,U,,33.95264,-85.95346,A
6,6,2023,43,LMB,476,2447,NA,150.333,L-90,150.333L-90,U,"CAUGHT, 6/6/23, CL, Reported",33.94835,-85.95351,A
12,8,2022,101,ALB,492,4056,NA,150.333,L-92,150.333L-92,L,,33.80626246,-86.06637535,A
4,12,2023,101,ALB,492,4056,NA,150.333,L-92,150.333L-92,L,,33.78546333,-86.05183167,A
4,29,2023,101,ALB,492,4056,NA,150.333,L-92,150.333L-92,L,,33.80783,-86.06552,A
5,8,2023,101,ALB,492,4056,NA,150.333,L-92,150.333L-92,L,,33.8105,-86.06681,A
6,5,2023,101,ALB,492,4056,NA,150.333,L-92,150.333L-92,L,,33.81377,-86.06354,A
6,21,2023,101,ALB,492,4056,NA,150.333,L-92,150.333L-92,L,,33.80821,-86.06559,A
7,6,2023,101,ALB,492,4056,NA,150.333,L-92,150.333L-92,L,,33.80826,-86.06564,A
7,17,2023,101,ALB,492,4056,NA,150.333,L-92,150.333L-92,L,,33.80834,-86.06564,A
8,3,2023,101,ALB,492,4056,NA,150.333,L-92,150.333L-92,L,,33.80409,-86.07245,D
8,26,2023,101,ALB,492,4056,NA,150.333,L-92,150.333L-92,L,,33.80401,-86.07241,A
9,10,2023,101,ALB,492,4056,NA,150.333,L-92,150.333L-92,L,,33.80404,-86.07242,A
9,24,2023,101,ALB,492,4056,NA,150.333,L-92,150.333L-92,L,Removed,33.804,-86.0723,D
7,17,2023,42,LMB,360,716,,150.333,L-94,150.333L-94,U,Added July 17th,33.94819,-85.95339,A
8,4,2023,42,LMB,360,716,,150.333,L-94,150.333L-94,U,Added July 17th,33.94832,-85.95347,A
8,27,2023,42,LMB,360,716,,150.333,L-94,150.333L-94,U,Added July 17th,33.94952,-85.95408,A
9,11,2023,42,LMB,360,716,,150.333,L-94,150.333L-94,U,Added July 17th,33.94964,-85.95407,A
9,25,2023,42,LMB,360,716,,150.333,L-94,150.333L-94,U,Added July 17th,33.94967,-85.95413,A
10,9,2023,42,LMB,360,716,,150.333,L-94,150.333L-94,U,Added July 17th,33.94931,-85.95394,A
10,23,2023,42,LMB,360,716,,150.333,L-94,150.333L-94,U,Added July 17th,33.94847,-85.95351,D
11,16,2023,42,LMB,360,716,,150.333,L-94,150.333L-94,U,Removed,33.94849,-85.95354,D
1,4,2023,66,LMB,449,1784,1782,150.333,L-95,150.333L-95,L,,33.88418897,-86.05015104,A
4,13,2023,66,LMB,449,1784,1782,150.333,L-95,150.333L-95,L,,33.88107667,-86.04623167,A
5,8,2023,66,LMB,449,1784,1782,150.333,L-95,150.333L-95,L,,33.88454,-86.0481,A
5,24,2023,66,LMB,449,1784,1782,150.333,L-95,150.333L-95,L,,33.88484,-86.04828,A
6,5,2023,66,LMB,449,1784,1782,150.333,L-95,150.333L-95,L,,33.8808,-86.04657,A
6,22,2023,66,LMB,449,1784,1782,150.333,L-95,150.333L-95,L,,33.88037,-86.04707,A
7,6,2023,66,LMB,449,1784,1782,150.333,L-95,150.333L-95,L,,33.88021,-86.04981,A
7,17,2023,66,LMB,449,1784,1782,150.333,L-95,150.333L-95,L,,33.87912,-86.04951,A
8,4,2023,66,LMB,449,1784,1782,150.333,L-95,150.333L-95,L,,33.88144,-86.04638,A
8,26,2023,66,LMB,449,1784,1782,150.333,L-95,150.333L-95,L,,33.87941,-86.04984,A
9,10,2023,66,LMB,449,1784,1782,150.333,L-95,150.333L-95,L,,33.87953,-86.04844,A
9,24,2023,66,LMB,449,1784,1782,150.333,L-95,150.333L-95,L,,33.86526,-86.06436,A
10,8,2023,66,LMB,449,1784,1782,150.333,L-95,150.333L-95,L,,33.88295,-86.04822,A
10,23,2023,66,LMB,449,1784,1782,150.333,L-95,150.333L-95,L,,33.88452,-86.0471,A
11,3,2023,66,LMB,449,1784,1782,150.333,L-95,150.333L-95,L,,33.87198,-86.06403,A
12,3,2023,66,LMB,449,1784,1782,150.333,L-95,150.333L-95,L,,33.87282,-86.06323,A
12,18,2023,66,LMB,449,1784,1782,150.333,L-95,150.333L-95,L,,33.87283,-86.06324,D
1,3,2024,66,LMB,449,1784,1782,150.333,L-95,150.333L-95,L,,33.87282,-86.06312,D
1,4,2023,6,ALB,376,4494,413,150.333,L-96,150.333L-96,U,,34.00596444,-85.90323052,A
4,13,2023,6,ALB,376,4494,413,150.333,L-96,150.333L-96,U,CAUGHT on 5/6/2023 TJ,34,-85.904155,A
1,5,2023,101,ALB,374,5077,5076,150.333,L-97,150.333L-97,L,Added June 4th,33.80626246,-86.06637535,A
6,5,2023,101,ALB,374,5077,5076,150.333,L-97,150.333L-97,L,,33.80555,-86.06627,D
6,21,2023,101,ALB,374,5077,5076,150.333,L-97,150.333L-97,L,,33.80546,-86.06635,A
7,6,2023,101,ALB,374,5077,5076,150.333,L-97,150.333L-97,L,Remove?,33.80562,-86.06633,D
7,17,2023,101,ALB,374,5077,5076,150.333,L-97,150.333L-97,L,Removed,33.80555,-86.06634,A
1,4,2023,59,LMB,479,2410,NA,150.333,L-98,150.333L-98,U,"CAUGHT on 4/27/2023, CL, Reported",33.92074898,-86.05445562,A
1,2,2023,91,ALB,410,5087,NA,150.333,L-99,150.333L-99,L,,33.78712945,-86.05288195,A
4,12,2023,91,ALB,410,5087,NA,150.333,L-99,150.333L-99,L,,33.78406833,-86.05540667,A
4,29,2023,91,ALB,410,5087,NA,150.333,L-99,150.333L-99,L,,33.78386,-86.05374,A
5,8,2023,91,ALB,410,5087,NA,150.333,L-99,150.333L-99,L,,33.78363,-86.05417,A
5,24,2023,91,ALB,410,5087,NA,150.333,L-99,150.333L-99,L,Over Dam?,33.78398,-86.05381,A
6,5,2023,91,ALB,410,5087,NA,150.333,L-99,150.333L-99,L,"Over Dam, Confirmed on 6/23, REMOVED, caught on August 5th and weighed in at tournament for Logan Martin ",33.78366,-86.05415,A
1,3,2024,119,ALB,508,1644,,150.132,L-93,150.132L-93,L,Added July 17th,33.84501,-86.05795,D
,,,,,,,,,,,,,,,
,,,,,,,,,,,,,,,
,,,,,,,,,,,,,,,
,,,,,,,,,,,,,,,
,,,,,,,,,,,,,,,
,,,,,,,,,,,,,,,
,,,,,,,,,,,,,,,