"","CL_prox_m","DATE","Month","Day","Year","TagSite","Species","TL","RewardTag1","RewardTag2","Radio_Tag_","Code","Combined","Group_","Notes","Lat","Long","A_D","Ramp","Notes1","DaysPostRe","DistFromRa","geometry"
"1",0,2023-03-11,3,11,2023,6,"LMB",499,2411,"NA",150.132,"I-0","150.132I-0","U","3/11/2023 CL, TJ 19427",34.010097,-85.997069,"A","CL",NA,NA,0,c(-85.997069, 34.010097)
"2",9289.14451042708,2023-04-13,4,13,2023,6,"LMB",499,2411,"NA",150.132,"I-0","150.132I-0","U","3/11/2023 CL, TJ",34.00562167,-85.92642333,"A","CL",NA,NA,8696.713592,c(-85.92642333, 34.00562167)
"3",10534.4290321196,2023-05-01,5,1,2023,6,"LMB",499,2411,"NA",150.132,"I-0","150.132I-0","U","3/11/2023 CL, TJ",34.00525,-85.90412,"A","CL",NA,NA,9911.425436,c(-85.90412, 34.00525)
"4",8810.11728080659,2023-05-09,5,9,2023,6,"LMB",499,2411,"NA",150.132,"I-0","150.132I-0","U","3/11/2023 CL, TJ",34.01511,-85.91691,"A","CL",NA,NA,8296.845033,c(-85.91691, 34.01511)
"5",5938.8370902241,2023-05-25,5,25,2023,6,"LMB",499,2411,"NA",150.132,"I-0","150.132I-0","U","3/11/2023 CL, TJ",34.01576,-85.94685,"A","CL",NA,NA,5554.162397,c(-85.94685, 34.0157600000001)
"6",5965.16354454897,2023-06-06,6,6,2023,6,"LMB",499,2411,"NA",150.132,"I-0","150.132I-0","U","3/11/2023 CL, TJ",34.01582,-85.94662,"A","CL",NA,NA,5576.136728,c(-85.9466199999999, 34.0158200000001)
"7",5961.00534384695,2023-06-21,6,21,2023,6,"LMB",499,2411,"NA",150.132,"I-0","150.132I-0","U","3/11/2023 CL, TJ",34.01577,-85.94664,"A","CL",NA,NA,5571.069843,c(-85.9466399999999, 34.01577)
"8",5933.06327497395,2023-07-07,7,7,2023,6,"LMB",499,2411,"NA",150.132,"I-0","150.132I-0","U","3/11/2023 CL, TJ",34.0157,-85.94691,"A","CL",NA,NA,5546.006596,c(-85.9469099999999, 34.0157)
"9",5950.38472266264,2023-07-18,7,18,2023,6,"LMB",499,2411,"NA",150.132,"I-0","150.132I-0","U","3/11/2023 CL, TJ",34.01583,-85.94677,"A","CL",NA,NA,5565.323117,c(-85.94677, 34.0158300000001)
"10",5952.00032052886,2023-08-03,8,3,2023,6,"LMB",499,2411,"NA",150.132,"I-0","150.132I-0","U","3/11/2023 CL, TJ",34.01579,-85.94676,"A","CL",NA,NA,5563.794938,c(-85.94676, 34.01579)
"11",5961.00534384695,2023-08-27,8,27,2023,6,"LMB",499,2411,"NA",150.132,"I-0","150.132I-0","U","3/11/2023 CL, TJ",34.01577,-85.94663,"A","CL",NA,NA,5571.915684,c(-85.94663, 34.01577)
"12",5933.06327497395,2023-09-11,9,11,2023,6,"LMB",499,2411,"NA",150.132,"I-0","150.132I-0","U","3/11/2023 CL, TJ",34.0157,-85.9469,"A","CL",NA,NA,5546.819729,c(-85.9469, 34.0157)
"13",5954.0794281339,2023-09-25,9,25,2023,6,"LMB",499,2411,"NA",150.132,"I-0","150.132I-0","U",NA,34.01584,-85.94676,"A","CL",NA,NA,0,c(-85.94676, 34.01584)
"14",5950.38472266264,2023-10-09,10,9,2023,6,"LMB",499,2411,"NA",150.132,"I-0","150.132I-0","U",NA,34.01584,-85.94679,"D","CL",NA,NA,0,c(-85.94679, 34.01584)
"15",5942.53179916102,2023-10-23,10,23,2023,6,"LMB",499,2411,"NA",150.132,"I-0","150.132I-0","U",NA,34.01575,-85.94682,"D","CL","Tag on dry land on 11/3/2023, removed",NA,0,c(-85.9468199999999, 34.01575)
"16",0,2023-04-19,4,19,2023,189,"LMB",452,68,"NA",150.132,"I-17","150.132I-17","U","4/19/2023 CL, REPORTED 19466",34.010097,-85.997069,"A","CL",NA,NA,0,c(-85.997069, 34.010097)
"17",5963.2285156587,2023-05-09,5,9,2023,189,"LMB",452,68,"NA",150.132,"I-17","150.132I-17","U","4/19/2023 CL, REPORTED",33.97827,-86.02751,"A","CL",NA,NA,5642.332823,c(-86.0275099999999, 33.9782700000001)
"18",6243.42815973735,2023-05-25,5,25,2023,189,"LMB",452,68,"NA",150.132,"I-17","150.132I-17","U","4/19/2023 CL, REPORTED",33.9815,-86.03078,"A","CL",NA,NA,5874.835894,c(-86.0307799999999, 33.9815)
"19",6333.28429559492,2023-06-06,6,6,2023,189,"LMB",452,68,"NA",150.132,"I-17","150.132I-17","U","4/19/2023 CL, REPORTED",33.98204,-86.03145,"A","CL",NA,NA,5959.526767,c(-86.0314499999999, 33.98204)
"20",6281.77272129705,2023-06-21,6,21,2023,189,"LMB",452,68,"NA",150.132,"I-17","150.132I-17","U","4/19/2023 CL, REPORTED",33.98174,-86.03105,"A","CL",NA,NA,5910.215624,c(-86.0310499999999, 33.9817400000001)
"21",6331.20575098206,2023-07-07,7,7,2023,189,"LMB",452,68,"NA",150.132,"I-17","150.132I-17","U","4/19/2023 CL, REPORTED",33.98199,-86.03147,"A","CL",NA,NA,5957.650449,c(-86.03147, 33.9819900000001)
"22",6337.90233565923,2023-07-18,7,18,2023,189,"LMB",452,68,"NA",150.132,"I-17","150.132I-17","U","4/19/2023 CL, REPORTED",33.98218,-86.03141,"A","CL",NA,NA,5966.052411,c(-86.0314099999999, 33.98218)
"23",6410.89502907753,2023-08-04,8,4,2023,189,"LMB",452,68,"NA",150.132,"I-17","150.132I-17","U","4/19/2023 CL, REPORTED",33.98269,-86.03196,"A","CL",NA,NA,6041.754149,c(-86.03196, 33.98269)
"24",6015.20328523217,2023-08-27,8,27,2023,189,"LMB",452,68,"NA",150.132,"I-17","150.132I-17","U","4/19/2023 CL, REPORTED",33.98041,-86.02893,"A","CL",NA,NA,5664.362945,c(-86.0289299999999, 33.9804100000001)
"25",7266.14957168013,2023-09-11,9,11,2023,189,"LMB",452,68,"NA",150.132,"I-17","150.132I-17","U","4/19/2023 CL, REPORTED",33.98787,-86.03806,"A","CL",NA,NA,6890.058338,c(-86.03806, 33.98787)
"26",6274.38035891293,2023-09-25,9,25,2023,189,"LMB",452,68,"NA",150.132,"I-17","150.132I-17","U",NA,33.98177,-86.03098,"A","CL",NA,NA,0,c(-86.0309799999999, 33.98177)
"27",6133.01218149262,2023-10-09,10,9,2023,189,"LMB",452,68,"NA",150.132,"I-17","150.132I-17","U",NA,33.98096,-86.02992,"A","CL",NA,NA,0,c(-86.0299199999999, 33.98096)
"28",3930.62951782471,2023-11-16,11,16,2023,189,"LMB",452,68,"NA",150.132,"I-17","150.132I-17","U",NA,33.97631,-85.99759,"A","CL",NA,NA,0,c(-85.9975899999999, 33.9763100000001)
"29",3861.45486537082,2023-12-04,12,4,2023,189,"LMB",452,68,"NA",150.132,"I-17","150.132I-17","U",NA,33.9775,-86.00075,"D","CL",NA,NA,0,c(-86.00075, 33.9775000000001)
"30",3879.93652441305,2023-12-19,12,19,2023,189,"LMB",452,68,"NA",150.132,"I-17","150.132I-17","U",NA,33.97752,-86.00096,"D","CL",NA,NA,0,c(-86.00096, 33.97752)
"31",3868.84752898785,2024-01-04,1,4,2024,189,"LMB",452,68,"NA",150.132,"I-17","150.132I-17","U",NA,33.97752,-86.00082,"D","CL","Removed 1/16/23",NA,0,c(-86.00082, 33.97752)
"32",0,2023-04-01,4,1,2023,88,"ALB",350,2406,"NA",150.132,"I-26","150.132I-26","L","4/1/2023 CL, TJ",34.010097,-85.997069,"A","CL",NA,NA,0,c(-85.997069, 34.010097)
"33",37.743660717337,2023-04-13,4,13,2023,88,"ALB",350,2406,"NA",150.132,"I-26","150.132I-26","L","4/1/2023 CL, TJ",34.01035667,-85.99727167,"A","CL",NA,NA,33.941565,c(-85.99727167, 34.0103566700001)
"34",339.714126699849,2023-04-30,4,30,2023,88,"ALB",350,2406,"NA",150.132,"I-26","150.132I-26","L","4/1/2023 CL, TJ",34.01138,-85.99518,"A","CL",NA,NA,327.222629,c(-85.9951799999999, 34.01138)
"35",1706.24624875433,2023-05-09,5,9,2023,88,"ALB",350,2406,"NA",150.132,"I-26","150.132I-26","L","4/1/2023 CL, TJ, last seen in semi-circle pit across from pump house",34.01914,-85.98518,"A","CL",NA,NA,1691.972975,c(-85.98518, 34.01914)
"36",0,2023-03-26,3,26,2023,168,"ALB",439,142,"141",150.132,"J-33","150.132J-33","U","3/26/2023 CL, TJ",34.010097,-85.997069,"A","CL",NA,NA,0,c(-85.997069, 34.010097)
"37",7144.41332030114,2023-04-13,4,13,2023,168,"ALB",439,142,"141",150.132,"J-33","150.132J-33","U","3/26/2023 CL, TJ",33.962115,-85.96966667,"A","CL",NA,NA,6744.365957,c(-85.96966667, 33.962115)
"38",1099.5889760341,2023-05-01,5,1,2023,168,"ALB",439,142,"141",150.132,"J-33","150.132J-33","U","3/26/2023 CL, TJ, CAUGHT TWICE?",34.01793,-85.99018,"A","CL",NA,NA,1076.402923,c(-85.99018, 34.01793)
"39",1096.91521334224,2023-05-09,5,9,2023,168,"ALB",439,142,"141",150.132,"J-33","150.132J-33","U","3/26/2023 CL, TJ, CAUGHT TWICE?",34.01791,-85.99026,"A","CL",NA,NA,1070.730709,c(-85.99026, 34.01791)
"40",14442.322783726,2023-05-24,5,24,2023,168,"ALB",439,142,"141",150.132,"J-33","150.132J-33","U","3/26/2023 CL, TJ, weird movement",33.94405,-86.00182,"A","CL",NA,NA,13649.135429,c(-86.00182, 33.9440500000001)
"41",14421.2979366184,2023-06-05,6,5,2023,168,"ALB",439,142,"141",150.132,"J-33","150.132J-33","U","3/26/2023 CL, TJ, weird movement",33.94393,-86.00166,"A","CL",NA,NA,13629.406468,c(-86.00166, 33.9439300000001)
"42",12591.2460225965,2023-06-22,6,22,2023,168,"ALB",439,142,"141",150.132,"J-33","150.132J-33","U","3/26/2023 CL, TJ",33.93623,-85.9862,"A","CL",NA,NA,11960.797706,c(-85.9861999999999, 33.9362300000001)
"43",13903.4887205008,2023-07-07,7,7,2023,168,"ALB",439,142,"141",150.132,"J-33","150.132J-33","U","3/26/2023 CL, TJ",33.94073,-85.99779,"A","CL",NA,NA,13174.617172,c(-85.99779, 33.94073)
"44",9759.08131565261,2023-07-17,7,17,2023,168,"ALB",439,142,"141",150.132,"J-33","150.132J-33","U","3/26/2023 CL, TJ",33.94196,-85.95268,"A","CL",NA,NA,9380.370873,c(-85.95268, 33.9419600000001)
"45",4082.52812544654,2023-08-04,8,4,2023,168,"ALB",439,142,"141",150.132,"J-33","150.132J-33","U","3/26/2023 CL, TJ, big move",33.97669,-86.00265,"A","CL",NA,NA,3956.217228,c(-86.00265, 33.9766900000001)
"46",4082.52812544654,2023-09-11,9,11,2023,168,"ALB",439,142,"141",150.132,"J-33","150.132J-33","U","3/26/2023 CL, TJ",33.97668,-86.00268,"D","CL",NA,NA,3959.320878,c(-86.0026799999999, 33.97668)
"47",4082.98889796992,2023-09-25,9,25,2023,168,"ALB",439,142,"141",150.132,"J-33","150.132J-33","U",NA,33.9766,-86.00264,"D","CL",NA,NA,0,c(-86.00264, 33.9766000000001)
"48",4071.43913002004,2023-10-09,10,9,2023,168,"ALB",439,142,"141",150.132,"J-33","150.132J-33","U",NA,33.97668,-86.00253,"A","CL",NA,NA,0,c(-86.00253, 33.97668)
"49",4076.29247708834,2023-10-23,10,23,2023,168,"ALB",439,142,"141",150.132,"J-33","150.132J-33","U",NA,33.9768,-86.00267,"D","CL",NA,NA,0,c(-86.00267, 33.9768)
"50",4057.81081804834,2023-11-16,11,16,2023,168,"ALB",439,142,"141",150.132,"J-33","150.132J-33","U",NA,33.9768,-86.00248,"D","CL",NA,NA,0,c(-86.0024799999999, 33.9768)
"51",4074.67469364511,2023-12-04,12,4,2023,168,"ALB",439,142,"141",150.132,"J-33","150.132J-33","U",NA,33.97675,-86.00262,"D","CL",NA,NA,0,c(-86.00262, 33.97675)
"52",4076.29247708834,2023-12-19,12,19,2023,168,"ALB",439,142,"141",150.132,"J-33","150.132J-33","U",NA,33.97679,-86.00268,"D","CL","Removed 1/16/23",NA,0,c(-86.0026799999999, 33.9767900000001)
"53",0,2023-04-15,4,15,2023,38,"LMB",485,1461,"NA",150.333,"J-34","150.333J-34","U","4/15/2023, CL, REPORTED",34.010097,-85.997069,"A","CL",NA,NA,0,c(-85.997069, 34.010097)
"54",5162.64123848668,2023-05-01,5,1,2023,38,"LMB",485,1461,"NA",150.333,"J-34","150.333J-34","U","4/15/2023, CL, REPORTED",34.00746,-85.95587,"A","CL",NA,NA,4852.313141,c(-85.9558699999999, 34.00746)
"55",5107.86283702298,2023-05-09,5,9,2023,38,"LMB",485,1461,"NA",150.333,"J-34","150.333J-34","U","4/15/2023, CL, REPORTED",34.00853,-85.95561,"A","CL",NA,NA,4798.226212,c(-85.95561, 34.0085300000001)
"56",5142.27999942632,2023-05-25,5,25,2023,38,"LMB",485,1461,"NA",150.333,"J-34","150.333J-34","U","4/15/2023, CL, REPORTED",34.00775,-85.95556,"A","CL",NA,NA,4836.983352,c(-85.9555599999999, 34.00775)
"57",5156.86720920673,2023-06-06,6,6,2023,38,"LMB",485,1461,"NA",150.333,"J-34","150.333J-34","U","4/15/2023, CL, REPORTED",34.00751,-85.95592,"A","CL",NA,NA,4845.141506,c(-85.9559199999999, 34.00751)
"58",5128.65291521564,2023-06-21,6,21,2023,38,"LMB",485,1461,"NA",150.333,"J-34","150.333J-34","U","4/15/2023, CL, REPORTED",34.00788,-85.95561,"A","CL",NA,NA,4823.090523,c(-85.95561, 34.0078800000001)
"59",4668.67086483358,2023-07-07,7,7,2023,38,"LMB",485,1461,"NA",150.333,"J-34","150.333J-34","U","4/15/2023, CL, REPORTED",34.00953,-85.95853,"A","CL",NA,NA,4366.613651,c(-85.9585299999999, 34.00953)
"60",4719.47338483523,2023-07-18,7,18,2023,38,"LMB",485,1461,"NA",150.333,"J-34","150.333J-34","U","4/15/2023, CL, REPORTED",34.00969,-85.95789,"A","CL",NA,NA,4416.34008,c(-85.95789, 34.00969)
"61",4704.46746212603,2023-08-03,8,3,2023,38,"LMB",485,1461,"NA",150.333,"J-34","150.333J-34","U","4/15/2023, CL, REPORTED",34.0094,-85.95824,"A","CL",NA,NA,4396.871731,c(-85.95824, 34.0094)
"62",5074.1446761508,2023-08-27,8,27,2023,38,"LMB",485,1461,"NA",150.333,"J-34","150.333J-34","U","4/15/2023, CL, REPORTED",34.00836,-85.95595,"A","CL",NA,NA,4766.015272,c(-85.95595, 34.00836)
"63",4719.93658922405,2023-09-11,9,11,2023,38,"LMB",485,1461,"NA",150.333,"J-34","150.333J-34","U","4/15/2023, CL, REPORTED",34.00959,-85.95793,"A","CL",NA,NA,4416.087988,c(-85.95793, 34.0095900000001)
"64",4904.89857658844,2023-09-25,9,25,2023,38,"LMB",485,1461,"NA",150.333,"J-34","150.333J-34","U",NA,34.0105,-85.95544,"A","CL",NA,NA,0,c(-85.95544, 34.0105)
"65",4710.46767700155,2023-10-09,10,9,2023,38,"LMB",485,1461,"NA",150.333,"J-34","150.333J-34","U",NA,34.00964,-85.95802,"A","CL",NA,NA,0,c(-85.95802, 34.00964)
"66",5127.72694763142,2023-10-23,10,23,2023,38,"LMB",485,1461,"NA",150.333,"J-34","150.333J-34","U",NA,34.00802,-85.95555,"A","CL",NA,NA,0,c(-85.95555, 34.00802)
"67",5351.6937817734,2023-11-17,11,17,2023,38,"LMB",485,1461,"NA",150.333,"J-34","150.333J-34","U",NA,34.00689,-85.95412,"A","CL",NA,NA,0,c(-85.95412, 34.0068900000001)
"68",5391.18653670314,2023-12-04,12,4,2023,38,"LMB",485,1461,"NA",150.333,"J-34","150.333J-34","U",NA,34.00677,-85.95374,"A","CL",NA,NA,0,c(-85.95374, 34.0067700000001)
"69",5417.51504542386,2023-12-19,12,19,2023,38,"LMB",485,1461,"NA",150.333,"J-34","150.333J-34","U",NA,34.00669,-85.95349,"A","CL",NA,NA,0,c(-85.95349, 34.00669)
"70",5395.34448393749,2024-01-04,1,4,2024,38,"LMB",485,1461,"NA",150.333,"J-34","150.333J-34","U",NA,34.00669,-85.95374,"A","CL",NA,NA,0,c(-85.95374, 34.00669)
"71",5232.35522438898,2024-01-26,1,26,2024,38,"LMB",485,1461,"NA",150.333,"J-34","150.333J-34","U",NA,34.00695,-85.9555,"A","CL",NA,NA,0,c(-85.9555, 34.0069500000001)
"72",5117.79482289569,2024-02-10,2,10,2024,38,"LMB",485,1461,"NA",150.333,"J-34","150.333J-34","U",NA,34.00865,-85.95559,"A","CL",NA,NA,0,c(-85.95559, 34.00865)
"73",0,2023-04-01,4,1,2023,57,"LMB",463,118,"NA",150.132,"J-36","150.132J-36","U","4/1/2023 CL, TJ",34.010097,-85.997069,"A","CL",NA,NA,0,c(-85.997069, 34.010097)
"74",734.064755197984,2023-04-30,4,30,2023,57,"LMB",463,118,"NA",150.132,"J-36","150.132J-36","U","4/1/2023 CL, TJ",34.0149,-85.99607,"A","CL",NA,NA,695.600229,c(-85.99607, 34.0149000000001)
"75",4773.79292260644,2023-05-09,5,9,2023,57,"LMB",463,118,"NA",150.132,"J-36","150.132J-36","U","UNREACHABLE(BLACK CREEK), 4/1/2023 CL, TJ",33.99233,-86.0198,"A","CL",NA,NA,4577.805107,c(-86.0198, 33.99233)
"76",4524.10072908482,2023-05-25,5,25,2023,57,"LMB",463,118,"NA",150.132,"J-36","150.132J-36","U","4/1/2023 CL, TJ",33.99226,-86.01711,"A","CL",NA,NA,4332.638431,c(-86.0171099999999, 33.99226)
"77",0,2023-04-01,4,1,2023,168,"ALB",444,143,"NA",150.132,"I-75","150.132I-75","U","4/1/2023 CL, REPORTED",34.010097,-85.997069,"A","CL",NA,NA,0,c(-85.997069, 34.010097)
"78",708.686494818389,2023-04-13,4,13,2023,168,"ALB",444,143,"NA",150.132,"I-75","150.132I-75","U","4/1/2023 CL, REPORTED",34.00480333,-86.00072833,"A","CL",NA,NA,679.611176,c(-86.00072833, 34.0048033300001)
"79",12598.1849183627,2023-04-30,4,30,2023,168,"ALB",444,143,"NA",150.132,"I-75","150.132I-75","U","4/1/2023 CL, REPORTED",33.93615,-85.98631,"A","CL",NA,NA,11967.108142,c(-85.9863099999999, 33.9361500000001)
"80",11640.2985544422,2023-05-08,5,8,2023,168,"ALB",444,143,"NA",150.132,"I-75","150.132I-75","U","4/1/2023 CL, REPORTED",33.93284,-85.97759,"A","CL",NA,NA,11107.140174,c(-85.97759, 33.9328400000001)
"81",12618.2960770167,2023-05-24,5,24,2023,168,"ALB",444,143,"NA",150.132,"I-75","150.132I-75","U","4/1/2023 CL, REPORTED",33.93612,-85.98653,"A","CL",NA,NA,11984.701712,c(-85.98653, 33.9361200000001)
"82",13236.2646666029,2023-06-06,6,6,2023,168,"ALB",444,143,"NA",150.132,"I-75","150.132I-75","U","4/1/2023 CL, REPORTED",33.93747,-85.99248,"A","CL",NA,NA,12554.588653,c(-85.9924799999999, 33.9374700000001)
"83",12592.4089890167,2023-06-22,6,22,2023,168,"ALB",444,143,"NA",150.132,"I-75","150.132I-75","U","4/1/2023 CL, REPORTED",33.93612,-85.98627,"A","CL",NA,NA,11962.339064,c(-85.98627, 33.9361200000001)
"84",12631.6775429741,2023-07-07,7,7,2023,168,"ALB",444,143,"NA",150.132,"I-75","150.132I-75","U","4/1/2023 CL, REPORTED",33.93651,-85.98646,"A","CL",NA,NA,11994.755243,c(-85.98646, 33.9365100000001)
"85",12601.6349774623,2023-07-17,7,17,2023,168,"ALB",444,143,"NA",150.132,"I-75","150.132I-75","U","4/1/2023 CL, REPORTED",33.93645,-85.98618,"A","CL",NA,NA,11968.205801,c(-85.98618, 33.93645)
"86",155.887067589344,2023-08-04,8,4,2023,168,"ALB",444,143,"NA",150.132,"I-75","150.132I-75","U","4/1/2023 CL, REPORTED, huge move to CL, Caught again?",34.01053,-85.9985,"A","CL",NA,"Caught again?",139.805553,c(-85.9985, 34.0105300000001)
"87",708.686494818389,2023-08-27,8,27,2023,168,"ALB",444,143,"NA",150.132,"I-75","150.132I-75","U","4/1/2023 CL, REPORTED",34.00479,-86.00075,"A","CL",NA,NA,681.431501,c(-86.00075, 34.0047900000001)
"88",701.14990679285,2023-09-11,9,11,2023,168,"ALB",444,143,"NA",150.132,"I-75","150.132I-75","U","4/1/2023 CL, REPORTED",34.00486,-86.00077,"A","CL",NA,NA,675.323499,c(-86.00077, 34.0048600000001)
"89",704.249595898372,2023-09-25,9,25,2023,168,"ALB",444,143,"NA",150.132,"I-75","150.132I-75","U",NA,34.00484,-86.00075,"A","CL",NA,NA,0,c(-86.00075, 34.0048400000001)
"90",1014.46899661288,2023-10-09,10,9,2023,168,"ALB",444,143,"NA",150.132,"I-75","150.132I-75","U",NA,34.00219,-86.00128,"A","CL",NA,NA,0,c(-86.00128, 34.00219)
"91",1022.00551719172,2023-10-23,10,23,2023,168,"ALB",444,143,"NA",150.132,"I-75","150.132I-75","U",NA,34.0021,-86.00124,"A","CL",NA,NA,0,c(-86.0012399999999, 34.0021)
"92",714.460603554313,2023-11-03,11,3,2023,168,"ALB",444,143,"NA",150.132,"I-75","150.132I-75","U",NA,34.00475,-86.00078,"A","CL",NA,NA,0,c(-86.00078, 34.0047500000001)
"93",1024.68006960295,2023-11-17,11,17,2023,168,"ALB",444,143,"NA",150.132,"I-75","150.132I-75","U",NA,34.00213,-86.00129,"A","CL",NA,NA,0,c(-86.00129, 34.0021300000001)
"94",305.354005296295,2023-12-04,12,4,2023,168,"ALB",444,143,"NA",150.132,"I-75","150.132I-75","U",NA,34.01264,-85.99642,"A","CL",NA,NA,0,c(-85.9964199999999, 34.01264)
"95",12396.2778205329,2023-12-18,12,18,2023,168,"ALB",444,143,"NA",150.132,"I-75","150.132I-75","U",NA,33.93448,-85.98507,"A","CL",NA,NA,0,c(-85.98507, 33.9344800000001)
"96",11260.746688395,2024-01-04,1,4,2024,168,"ALB",444,143,"NA",150.132,"I-75","150.132I-75","U",NA,33.9326,-85.97334,"A","CL",NA,NA,0,c(-85.97334, 33.9326)
"97",12542.9797075442,2024-01-26,1,26,2024,168,"ALB",444,143,"NA",150.132,"I-75","150.132I-75","U",NA,33.93673,-85.98497,"A","CL",NA,NA,0,c(-85.98497, 33.9367300000001)
"98",11491.6610787345,2024-02-09,2,9,2024,168,"ALB",444,143,"NA",150.132,"I-75","150.132I-75","U",NA,33.93262,-85.97586,"A","CL",NA,NA,0,c(-85.97586, 33.93262)
"99",3742.31576817724,2024-02-23,2,23,2024,168,"ALB",444,143,"NA",150.132,"I-75","150.132I-75","U",NA,33.97769,-85.99869,"A","CL",NA,NA,0,c(-85.99869, 33.9776900000001)
"100",0,2023-04-01,4,1,2023,47,"LMB",385,16,"15",150.222,"I-19","150.222I-19","U","4/1/2023 CL, REPORTED",34.010097,-85.997069,"A","CL",NA,NA,0,c(-85.997069, 34.010097)
"101",23.0958950381522,2023-04-13,4,13,2023,47,"LMB",385,16,"15",150.222,"I-19","150.222I-19","U","4/1/2023 CL, REPORTED",34.01024833,-85.99723833,"A","CL",NA,NA,21.950926,c(-85.99723833, 34.01024833)
"102",570.048146372223,2023-04-30,4,30,2023,47,"LMB",385,16,"15",150.222,"I-19","150.222I-19","U","4/1/2023 CL, REPORTED",34.00563,-85.99939,"A","CL",NA,NA,545.497889,c(-85.9993899999999, 34.0056300000001)
"103",476.569415492581,2023-05-09,5,9,2023,47,"LMB",385,16,"15",150.222,"I-19","150.222I-19","U","4/1/2023 CL, REPORTED",34.00677,-86.00029,"A","CL",NA,NA,473.832298,c(-86.0002899999999, 34.0067700000001)
"104",439.97791295942,2023-05-25,5,25,2023,47,"LMB",385,16,"15",150.222,"I-19","150.222I-19","U","4/1/2023 CL, REPORTED",34.00717,-86.0002,"A","CL",NA,NA,435.395918,c(-86.0001999999999, 34.00717)
"105",718.897502416913,2023-06-06,6,6,2023,47,"LMB",385,16,"15",150.222,"I-19","150.222I-19","U","4/1/2023 CL, REPORTED",34.00473,-86.00079,"A","CL",NA,NA,689.019173,c(-86.0007899999999, 34.0047300000001)
"106",158.66556498206,2023-06-21,6,21,2023,47,"LMB",385,16,"15",150.222,"I-19","150.222I-19","U","4/1/2023 CL, REPORTED",34.01098,-85.99826,"A","CL",NA,NA,146.139841,c(-85.99826, 34.0109800000001)
"107",1707.3531288627,2023-07-07,7,7,2023,47,"LMB",385,16,"15",150.222,"I-19","150.222I-19","U","4/1/2023 CL, REPORTED",33.99562,-85.99997,"A","CL",NA,NA,1655.313142,c(-85.99997, 33.99562)
"108",909.501232032161,2023-07-18,7,18,2023,47,"LMB",385,16,"15",150.222,"I-19","150.222I-19","U","4/1/2023 CL, REPORTED",34.00264,-85.99958,"A","CL",NA,NA,874.458727,c(-85.99958, 34.00264)
"109",2386.88052809046,2023-08-04,8,4,2023,47,"LMB",385,16,"15",150.222,"I-19","150.222I-19","U","4/1/2023 CL, REPORTED",33.98996,-85.9985,"A","CL",NA,NA,2297.734738,c(-85.9985, 33.9899600000001)
"110",2450.40029056679,2023-08-27,8,27,2023,47,"LMB",385,16,"15",150.222,"I-19","150.222I-19","U","4/1/2023 CL, REPORTED",33.98951,-85.99807,"A","CL",NA,NA,2358.780352,c(-85.99807, 33.9895100000001)
"111",2403.2904514533,2023-09-11,9,11,2023,47,"LMB",385,16,"15",150.222,"I-19","150.222I-19","U","4/1/2023 CL, REPORTED",33.98981,-85.99855,"A","CL",NA,NA,2312.511495,c(-85.99855, 33.98981)
"112",2454.34748757765,2023-09-25,9,25,2023,47,"LMB",385,16,"15",150.222,"I-19","150.222I-19","U",NA,33.98941,-85.99835,"A","CL",NA,NA,0,c(-85.99835, 33.9894100000001)
"113",2466.74452969068,2023-10-09,10,9,2023,47,"LMB",385,16,"15",150.222,"I-19","150.222I-19","U",NA,33.98924,-85.99852,"A","CL",NA,NA,0,c(-85.99852, 33.9892400000001)
"114",2398.85356336903,2023-10-23,10,23,2023,47,"LMB",385,16,"15",150.222,"I-19","150.222I-19","U",NA,33.98982,-85.99854,"A","CL",NA,NA,0,c(-85.9985399999999, 33.9898200000001)
"115",2393.07905391457,2023-11-03,11,3,2023,47,"LMB",385,16,"15",150.222,"I-19","150.222I-19","U",NA,33.98989,-85.9986,"A","CL",NA,NA,0,c(-85.9986, 33.9898900000001)
"116",2417.64020641419,2023-11-17,11,17,2023,47,"LMB",385,16,"15",150.222,"I-19","150.222I-19","U",NA,33.99004,-85.99802,"A","CL",NA,NA,0,c(-85.9980199999999, 33.9900400000001)
"117",2608.49692353355,2023-12-04,12,4,2023,47,"LMB",385,16,"15",150.222,"I-19","150.222I-19","U",NA,33.99187,-85.99718,"A","CL",NA,NA,0,c(-85.99718, 33.9918700000001)
"118",2395.46527234673,2023-12-19,12,19,2023,47,"LMB",385,16,"15",150.222,"I-19","150.222I-19","U",NA,33.99018,-85.99828,"A","CL",NA,NA,0,c(-85.99828, 33.9901800000001)
"119",2395.75430440148,2024-01-04,1,4,2024,47,"LMB",385,16,"15",150.222,"I-19","150.222I-19","U",NA,33.98989,-85.99851,"A","CL",NA,NA,0,c(-85.99851, 33.9898900000001)
"120",2845.18428471684,2024-01-26,1,26,2024,47,"LMB",385,16,"15",150.222,"I-19","150.222I-19","U",NA,33.99364,-85.99596,"A","CL",NA,NA,0,c(-85.99596, 33.99364)
"121",2393.07905391457,2024-02-10,2,10,2024,47,"LMB",385,16,"15",150.222,"I-19","150.222I-19","U",NA,33.98987,-85.99857,"A","CL",NA,NA,0,c(-85.99857, 33.9898700000001)
"122",2452.58587033918,2024-02-24,2,24,2024,47,"LMB",385,16,"15",150.222,"I-19","150.222I-19","U",NA,33.98942,-85.99827,"A","CL",NA,NA,0,c(-85.99827, 33.9894200000001)
"123",0,2023-03-26,3,26,2023,199,"ALB",452,1754,"NA",150.222,"L-98","150.222L-98","U","3/26/2023 CL",34.010097,-85.997069,"A","CL",NA,NA,0,c(-85.997069, 34.010097)
"124",823.19540630362,2023-04-13,4,13,2023,199,"ALB",452,1754,"NA",150.222,"L-98","150.222L-98","U","3/26/2023 CL",34.0038333333,-86.0009666667,"A","CL",NA,NA,784.834678,c(-86.0009666669999, 34.003833333)
"125",785.876264142409,2023-04-30,4,30,2023,199,"ALB",452,1754,"NA",150.222,"L-98","150.222L-98","U","3/26/2023 CL",34.00409,-86.00068,"A","CL",NA,NA,748.593556,c(-86.00068, 34.0040900000001)
"126",736.645097578101,2023-05-09,5,9,2023,199,"ALB",452,1754,"NA",150.222,"L-98","150.222L-98","U","3/26/2023 CL",34.00456,-86.00077,"A","CL",NA,NA,704.97048,c(-86.00077, 34.00456)
"127",467.082675545195,2023-05-25,5,25,2023,199,"ALB",452,1754,"NA",150.222,"L-98","150.222L-98","U","3/26/2023 CL",34.01364,-85.99492,"A","CL",NA,NA,439.723949,c(-85.99492, 34.0136400000001)
"128",447.51272996651,2023-06-21,6,21,2023,199,"ALB",452,1754,"NA",150.222,"L-98","150.222L-98","U","3/26/2023 CL",34.01355,-85.99523,"A","CL",NA,NA,418.778688,c(-85.9952299999999, 34.0135500000001)
"129",455.960668012976,2023-07-07,7,7,2023,199,"ALB",452,1754,"NA",150.222,"L-98","150.222L-98","U","3/26/2023 CL",34.01358,-85.9951,"A","CL",NA,NA,426.937468,c(-85.9951, 34.01358)
"130",845.386762826132,2023-07-18,7,18,2023,199,"ALB",452,1754,"NA",150.222,"L-98","150.222L-98","U","3/26/2023 CL",34.01552,-85.99104,"A","CL",NA,NA,819.870267,c(-85.9910399999999, 34.01552)
"131",843.307684650224,2023-08-04,8,4,2023,199,"ALB",452,1754,"NA",150.222,"L-98","150.222L-98","U","3/26/2023 CL",34.01546,-85.99102,"A","CL",NA,NA,816.891394,c(-85.9910199999999, 34.0154600000001)
"132",381.325916079424,2023-08-27,8,27,2023,199,"ALB",452,1754,"NA",150.222,"L-98","150.222L-98","U","3/26/2023 CL",34.01313,-85.99574,"A","CL",NA,NA,357.750463,c(-85.99574, 34.01313)
"133",783.490580439575,2023-09-11,9,11,2023,199,"ALB",452,1754,"NA",150.222,"L-98","150.222L-98","U","3/26/2023 CL",34.01505,-85.99144,"A","CL",NA,NA,757.382181,c(-85.99144, 34.01505)
"134",145.992019453574,2023-09-25,9,25,2023,199,"ALB",452,1754,"NA",150.222,"L-98","150.222L-98","U",NA,34.01135,-85.99695,"A","CL",NA,NA,0,c(-85.99695, 34.01135)
"135",152.191745075151,2023-10-09,10,9,2023,199,"ALB",452,1754,"NA",150.222,"L-98","150.222L-98","U",NA,34.01142,-85.99702,"D","CL",NA,NA,0,c(-85.99702, 34.01142)
"136",135.781176374021,2023-10-23,10,23,2023,199,"ALB",452,1754,"NA",150.222,"L-98","150.222L-98","U",NA,34.01129,-85.99698,"D","CL",NA,NA,0,c(-85.99698, 34.01129)
"137",141.55511916639,2023-11-03,11,3,2023,199,"ALB",452,1754,"NA",150.222,"L-98","150.222L-98","U",NA,34.01133,-85.99696,"D","CL","Tag on dry land on 11/3/2023, removed",NA,0,c(-85.9969599999999, 34.01133)
"138",0,2023-04-08,4,8,2023,21,"LMB",439,4498,"NA",150.333,"I-4","150.333I-4","U","4/8/2023 CL, TJ",34.010097,-85.997069,"A","CL",NA,NA,0,c(-85.997069, 34.010097)
"139",98.0974438533679,2023-04-13,4,13,2023,21,"LMB",439,4498,"NA",150.333,"I-4","150.333I-4","U","4/8/2023 CL, TJ",34.0108833333,-85.9967666667,"A","CL",NA,NA,91.422556,c(-85.996766667, 34.010883333)
"140",8842.0152104689,2023-05-01,5,1,2023,21,"LMB",439,4498,"NA",150.333,"I-4","150.333I-4","U","4/8/2023 CL, TJ",34.01003,-85.92574,"A","CL",NA,NA,8265.867934,c(-85.92574, 34.01003)
"141",8788.67083528175,2023-05-09,5,9,2023,21,"LMB",439,4498,"NA",150.333,"I-4","150.333I-4","U","4/8/2023 CL, TJ",34.01001,-85.92513,"A","CL",NA,NA,8223.012821,c(-85.92513, 34.0100100000001)
"142",8874.80665600175,2023-05-25,5,25,2023,21,"LMB",439,4498,"NA",150.333,"I-4","150.333I-4","U","4/8/2023 CL, TJ",34.01012,-85.92615,"A","CL",NA,NA,8297.774299,c(-85.92615, 34.01012)
"143",8801.83459914181,2023-06-06,6,6,2023,21,"LMB",439,4498,"NA",150.333,"I-4","150.333I-4","U","4/8/2023 CL, TJ",34.00995,-85.92526,"A","CL",NA,NA,8235.931123,c(-85.92526, 34.0099500000001)
"144",8917.53012922373,2023-06-21,6,21,2023,21,"LMB",439,4498,"NA",150.333,"I-4","150.333I-4","U","4/8/2023 CL, TJ",34.01007,-85.92659,"A","CL",NA,NA,8338.305793,c(-85.92659, 34.01007)
"145",198.673607210966,2023-07-07,7,7,2023,21,"LMB",439,4498,"NA",150.333,"I-4","150.333I-4","U","4/8/2023 CL, TJ, CAUGHT AGAIN? Big move to CL",34.00945,-85.99737,"D","CL",NA,NA,195.984366,c(-85.99737, 34.0094500000001)
"146",199.41552566626,2023-07-18,7,18,2023,21,"LMB",439,4498,"NA",150.333,"I-4","150.333I-4","U","Remove?",34.00948,-85.99741,"D","CL",NA,NA,197.017641,c(-85.9974099999999, 34.0094800000001)
"147",209.62641968373,2023-08-04,8,4,2023,21,"LMB",439,4498,"NA",150.333,"I-4","150.333I-4","U","Remove",34.00954,-85.99737,"D","CL",NA,NA,204.21554,c(-85.99737, 34.0095400000001)
"148",204.447598251617,2023-08-27,8,27,2023,21,"LMB",439,4498,"NA",150.333,"I-4","150.333I-4","U","Remove",34.00948,-85.99736,"D","CL",NA,NA,199.029929,c(-85.99736, 34.0094800000001)
"149",205.189517352004,2023-09-11,9,11,2023,21,"LMB",439,4498,"NA",150.333,"I-4","150.333I-4","U","Remove",34.00952,-85.9974,"D","CL",NA,NA,200.989403,c(-85.9974, 34.0095200000001)
"150",200.752617282371,2023-09-25,9,25,2023,21,"LMB",439,4498,"NA",150.333,"I-4","150.333I-4","U",NA,34.00946,-85.99738,"D","CL",NA,NA,0,c(-85.99738, 34.00946)
"151",210.221588204811,2023-10-09,10,9,2023,21,"LMB",439,4498,"NA",150.333,"I-4","150.333I-4","U",NA,34.00952,-85.99732,"D","CL",NA,NA,0,c(-85.9973199999999, 34.0095200000001)
"152",200.752617282371,2023-11-17,11,17,2023,21,"LMB",439,4498,"NA",150.333,"I-4","150.333I-4","U",NA,34.00947,-85.99738,"D","CL",NA,NA,0,c(-85.99738, 34.0094700000001)
"153",198.673607210966,2023-12-04,12,4,2023,21,"LMB",439,4498,"NA",150.333,"I-4","150.333I-4","U",NA,34.00943,-85.99737,"D","CL","Removed 1/16/23",NA,0,c(-85.99737, 34.0094300000001)
"154",0,2023-03-18,3,18,2023,180,"ALB",415,88,"NA",150.333,"L-91","150.333L-91","U","3/18/2023 CL, TJ",34.010097,-85.997069,"A","CL",NA,NA,0,c(-85.997069, 34.010097)
"155",4094.01660268223,2023-04-13,4,13,2023,180,"ALB",415,88,"NA",150.333,"L-91","150.333L-91","U","3/18/2023 CL, TJ",33.97504833,-85.99694667,"A","CL",NA,NA,3955.497043,c(-85.9969466699999, 33.97504833)
"156",4285.57200042995,2023-05-01,5,1,2023,180,"ALB",415,88,"NA",150.333,"L-91","150.333L-91","U","3/18/2023 CL, TJ",33.97386,-85.99506,"A","CL",NA,NA,4125.456821,c(-85.99506, 33.9738600000001)
"157",3872.88184275785,2023-05-09,5,9,2023,180,"ALB",415,88,"NA",150.333,"L-91","150.333L-91","U","3/18/2023 CL, TJ",33.9767,-85.99798,"A","CL",NA,NA,3761.331453,c(-85.99798, 33.9767000000001)
"158",4234.93589294032,2023-05-25,5,25,2023,180,"ALB",415,88,"NA",150.333,"L-91","150.333L-91","U","3/18/2023 CL, TJ",33.97424,-85.99537,"A","CL",NA,NA,4076.132969,c(-85.99537, 33.9742400000001)
"159",4127.39683605576,2023-06-06,6,6,2023,180,"ALB",415,88,"NA",150.333,"L-91","150.333L-91","U","3/18/2023 CL, TJ",33.97492,-85.99634,"A","CL",NA,NA,3979.294622,c(-85.99634, 33.9749200000001)
"160",4301.55869656975,2023-06-21,6,21,2023,180,"ALB",415,88,"NA",150.333,"L-91","150.333L-91","U","3/18/2023 CL, TJ",33.97377,-85.995,"A","CL",NA,NA,4136.925536,c(-85.9949999999999, 33.9737700000001)
"161",4043.38111302114,2023-07-07,7,7,2023,180,"ALB",415,88,"NA",150.333,"L-91","150.333L-91","U","3/18/2023 CL, TJ",33.97541,-85.99726,"A","CL",NA,NA,3911.300805,c(-85.99726, 33.9754100000001)
"162",4269.37216761504,2023-07-18,7,18,2023,180,"ALB",415,88,"NA",150.333,"L-91","150.333L-91","U","3/18/2023 CL, TJ",33.97439,-85.99382,"A","CL",NA,NA,4126.63051,c(-85.99382, 33.97439)
"163",3843.16155051965,2023-08-04,8,4,2023,180,"ALB",415,88,"NA",150.333,"L-91","150.333L-91","U","3/18/2023 CL, TJ",33.97699,-85.99796,"A","CL",NA,NA,3729.585274,c(-85.99796, 33.9769900000001)
"164",3744.56790534214,2023-08-27,8,27,2023,180,"ALB",415,88,"NA",150.333,"L-91","150.333L-91","U","3/18/2023 CL, TJ",33.97771,-85.99852,"A","CL",NA,NA,3646.283938,c(-85.99852, 33.9777100000001)
"165",4015.42190963879,2023-09-11,9,11,2023,180,"ALB",415,88,"NA",150.333,"L-91","150.333L-91","U","3/18/2023 CL, TJ",33.97564,-85.9973,"A","CL",NA,NA,3885.140342,c(-85.9972999999999, 33.9756400000001)
"166",4044.29601285583,2023-09-25,9,25,2023,180,"ALB",415,88,"NA",150.333,"L-91","150.333L-91","U",NA,33.97543,-85.99711,"A","CL",NA,NA,0,c(-85.99711, 33.9754300000001)
"167",4048.30987023859,2023-10-09,10,9,2023,180,"ALB",415,88,"NA",150.333,"L-91","150.333L-91","U",NA,33.97545,-85.99697,"A","CL",NA,NA,0,c(-85.99697, 33.97545)
"168",4013.23786827242,2023-10-23,10,23,2023,180,"ALB",415,88,"NA",150.333,"L-91","150.333L-91","U",NA,33.97572,-85.99711,"A","CL",NA,NA,0,c(-85.99711, 33.97572)
"169",4222.04807895659,2023-11-03,11,3,2023,180,"ALB",415,88,"NA",150.333,"L-91","150.333L-91","U",NA,33.97431,-85.9955,"A","CL",NA,NA,0,c(-85.9954999999999, 33.9743100000001)
"170",3851.12076161982,2023-11-16,11,16,2023,180,"ALB",415,88,"NA",150.333,"L-91","150.333L-91","U",NA,33.97688,-85.99812,"A","CL",NA,NA,0,c(-85.99812, 33.9768800000001)
"171",4269.58530849044,2023-12-19,12,19,2023,180,"ALB",415,88,"NA",150.333,"L-91","150.333L-91","U",NA,33.974,-85.99516,"A","CL",NA,NA,0,c(-85.9951599999999, 33.974)
"172",3780.9773659937,2024-01-04,1,4,2024,180,"ALB",415,88,"NA",150.333,"L-91","150.333L-91","U",NA,33.97744,-85.99835,"A","CL",NA,NA,0,c(-85.99835, 33.9774400000001)
"173",4314.02380615626,2024-01-26,1,26,2024,180,"ALB",415,88,"NA",150.333,"L-91","150.333L-91","U",NA,33.9737,-85.99475,"A","CL",NA,NA,0,c(-85.99475, 33.9737000000001)
"174",4285.57200042995,2024-02-10,2,10,2024,180,"ALB",415,88,"NA",150.333,"L-91","150.333L-91","U",NA,33.97387,-85.99506,"A","CL",NA,NA,0,c(-85.99506, 33.97387)
"175",0,2023-04-14,4,14,2023,61,"ALB",430,1337,"NA",148.24,NA,NA,"NA","2022 fish 4/14/2023 CL",34.010097,-85.997069,"A","CL",NA,NA,0,c(-85.997069, 34.010097)
"176",2271.75120877259,2023-05-02,5,2,2023,61,"ALB",430,1337,"NA",148.24,NA,NA,"NA","2022 fish 4/14/2023 CL",33.9906,-85.99982,"A","CL",NA,NA,2212.512845,c(-85.9998199999999, 33.9906)
"177",23104.609881854,2023-05-25,5,25,2023,61,"ALB",430,1337,"NA",148.24,NA,NA,"NA","2022 fish 4/14/2023 CL, big move",33.9069,-86.07179,"A","CL",NA,NA,21803.366933,c(-86.07179, 33.9069000000001)
"178",0,2023-06-17,6,17,2023,61,"ALB",430,1337,"NA",148.24,NA,NA,"NA","CAUGHT AGAIN, 6/17/2023, CL, TJ",34.010097,-85.997069,"A","CL",NA,NA,0,c(-85.997069, 34.010097)
"179",117.095648796074,2023-06-23,6,23,2023,61,"ALB",430,1337,"NA",148.24,NA,NA,"NA","6/17/2023, CL, TJ",34.00931,-85.99792,"A","CL",NA,NA,117.069013,c(-85.99792, 34.00931)
"180",252.232852989304,2023-07-07,7,7,2023,61,"ALB",430,1337,"NA",148.24,NA,NA,"NA","6/17/2023, CL, TJ",34.00825,-85.99852,"A","CL",NA,NA,246.65616,c(-85.99852, 34.00825)
"181",262.443769638928,2023-07-18,7,18,2023,61,"ALB",430,1337,"NA",148.24,NA,NA,"NA","6/17/2023, CL, TJ,",34.00816,-85.99853,"A","CL",NA,NA,255.549633,c(-85.99853, 34.00816)
"182",258.00686829039,2023-10-09,10,9,2023,61,"ALB",430,1337,"NA",148.24,NA,NA,"NA",NA,34.00818,-85.99854,"D","CL",NA,NA,0,c(-85.9985399999999, 34.00818)
"183",0,2023-04-15,4,15,2023,0,"ALB",527,2268,"NA",148.594,NA,NA,"NA","CL, TJ, 4/15/23",34.010097,-85.997069,"A","CL",NA,NA,0,c(-85.997069, 34.010097)
"184",1801.19925731072,2023-05-09,5,9,2023,0,"ALB",527,2268,"NA",148.594,NA,NA,"NA","CL, TJ, 4/15/23",33.99525,-86.0017,"A","CL",NA,NA,1714.624589,c(-86.0017, 33.9952500000001)
"185",1804.72350930176,2023-05-25,5,25,2023,0,"ALB",527,2268,"NA",148.594,NA,NA,"NA","CL, TJ, 4/15/23",33.99514,-86.00156,"A","CL",NA,NA,1724.08741,c(-86.00156, 33.99514)
"186",1693.12342788675,2023-06-06,6,6,2023,0,"ALB",527,2268,"NA",148.594,NA,NA,"NA","CL, TJ, 4/15/23",33.99632,-86.00199,"D","CL",NA,NA,1609.150094,c(-86.00199, 33.99632)
"187",1679.49592778701,2023-06-23,6,23,2023,0,"ALB",527,2268,"NA",148.594,NA,NA,"NA","CL, TJ, 4/15/23, remove?, pocket above 759 bridge West",33.99642,-86.00191,"D","CL",NA,NA,1596.501805,c(-86.00191, 33.9964200000001)
"188",0,1923-02-25,2,25,23,0,"ALB",424,1082,"NA",149.503,NA,NA,"NA","CL, TJ, 2/25/23",34.010097,-85.997069,"A","CL",NA,NA,0,c(-85.997069, 34.010097)
"189",0,2023-05-07,5,7,2023,6,"ALB",376,4494,"413",150.333,"L-96","150.333L-96","U","CL, TJ, 5/7/23",34.010097,-85.997069,"A","CL",NA,NA,0,c(-85.997069, 34.010097)
"190",2064.97787888877,2023-05-09,5,9,2023,6,"ALB",376,4494,"413",150.333,"L-96","150.333L-96","U","CL, TJ, 5/7/23",33.99244,-86.0003,"A","CL",NA,NA,2007.849629,c(-86.0003, 33.99244)
"191",11029.4525124508,2023-05-25,5,25,2023,6,"ALB",376,4494,"413",150.333,"L-96","150.333L-96","U","CL, TJ, 5/7/23 big move",34.00008,-85.90516,"A","CL",NA,NA,10344.694375,c(-85.90516, 34.00008)
"192",11025.0156169407,2023-06-06,6,6,2023,6,"ALB",376,4494,"413",150.333,"L-96","150.333L-96","U","CL, TJ, 5/7/23 big move",34.00013,-85.90515,"A","CL",NA,NA,10340.056132,c(-85.9051499999999, 34.0001300000001)
"193",10917.3770585315,2023-06-21,6,21,2023,6,"ALB",376,4494,"413",150.333,"L-96","150.333L-96","U","CL, TJ, 5/7/23, way upriver, haven't found 8/3 or 8/26",34.00144,-85.90399,"A","CL",NA,NA,10251.377896,c(-85.90399, 34.0014400000001)
"194",0,2023-05-07,5,7,2023,12,"ALB",354,5069,"NA",150.333,"I-3","150.333I-3","U","CL, TJ, 5/7/23",34.010097,-85.997069,"A","CL",NA,NA,0,c(-85.997069, 34.010097)
"195",2730.15475386241,2023-05-09,5,9,2023,12,"ALB",354,5069,"NA",150.333,"I-3","150.333I-3","U","CL, TJ, 5/7/23",33.9866,-86.00034,"A","CL",NA,NA,2659.068597,c(-86.0003399999999, 33.9866000000001)
"196",2435.49163056019,2023-05-25,5,25,2023,12,"ALB",354,5069,"NA",150.333,"I-3","150.333I-3","U","CL, TJ, 5/7/23",33.98916,-85.99971,"A","CL",NA,NA,2371.86411,c(-85.9997099999999, 33.98916)
"197",2459.4379884212,2023-06-06,6,6,2023,12,"ALB",354,5069,"NA",150.333,"I-3","150.333I-3","U","CL, TJ, 5/7/23, up black creek potentially?",33.98891,-85.9998,"A","CL",NA,NA,2399.461185,c(-85.9997999999999, 33.98891)
"198",0,2023-05-20,5,20,2023,88,"ALB",415,5061,"NA",150.222,"I-5","150.222I-5","L","5/20/23, CL, REPORTED",34.010097,-85.997069,"A","CL",NA,NA,0,c(-85.997069, 34.010097)
"199",268.701524564085,2023-05-25,5,25,2023,88,"ALB",415,5061,"NA",150.222,"I-5","150.222I-5","L","5/20/23, CL, REPORTED",34.01194,-85.99527,"A","CL",NA,NA,264.107148,c(-85.9952699999999, 34.01194)
"200",6484.61689509179,2023-06-06,6,6,2023,88,"ALB",415,5061,"NA",150.222,"I-5","150.222I-5","L","5/20/23, CL, REPORTED",33.96554,-85.97484,"A","CL",NA,NA,6138.040331,c(-85.97484, 33.96554)
"201",6485.53650334967,2023-06-21,6,21,2023,88,"ALB",415,5061,"NA",150.222,"I-5","150.222I-5","L","5/20/23, CL, REPORTED",33.96539,-85.97492,"A","CL",NA,NA,6138.057466,c(-85.9749199999999, 33.9653900000001)
"202",6498.24558575668,2023-07-07,7,7,2023,88,"ALB",415,5061,"NA",150.222,"I-5","150.222I-5","L","5/20/23, CL, REPORTED",33.96544,-85.97476,"A","CL",NA,NA,6149.19738,c(-85.9747599999999, 33.9654400000001)
"203",6492.47039832386,2023-07-18,7,18,2023,88,"ALB",415,5061,"NA",150.222,"I-5","150.222I-5","L","5/20/23, CL, REPORTED",33.96546,-85.97477,"D","CL",NA,NA,6147.407571,c(-85.97477, 33.9654600000001)
"204",6492.93019856714,2023-08-04,8,4,2023,88,"ALB",415,5061,"NA",150.222,"I-5","150.222I-5","L","5/20/23, CL, REPORTED, remove?",33.96541,-85.97483,"D","CL",NA,NA,6145.17972,c(-85.9748299999999, 33.9654100000001)
"205",6501.94245413213,2023-08-27,8,27,2023,88,"ALB",415,5061,"NA",150.222,"I-5","150.222I-5","L","5/20/23, CL, REPORTED, remove?",33.96543,-85.97472,"A","CL",NA,NA,6153.219897,c(-85.97472, 33.96543)
"206",6492.47039832386,2023-09-11,9,11,2023,88,"ALB",415,5061,"NA",150.222,"I-5","150.222I-5","L","5/20/23, CL, REPORTED, remove?",33.96547,-85.97478,"D","CL",NA,NA,6145.627669,c(-85.97478, 33.96547)
"207",6480.92002671635,2023-09-25,9,25,2023,88,"ALB",415,5061,"NA",150.222,"I-5","150.222I-5","L",NA,33.96554,-85.97488,"D","CL",NA,NA,0,c(-85.97488, 33.96554)
"208",6475.1448425413,2023-10-09,10,9,2023,88,"ALB",415,5061,"NA",150.222,"I-5","150.222I-5","L",NA,33.96561,-85.97489,"D","CL",NA,NA,0,c(-85.97489, 33.96561)
"209",6490.39208035182,2023-10-23,10,23,2023,88,"ALB",415,5061,"NA",150.222,"I-5","150.222I-5","L",NA,33.96551,-85.97478,"D","CL","Tag on dry land on 11/3/2023, removed",NA,0,c(-85.97478, 33.9655100000001)
"210",0,1923-05-07,5,7,23,123,"ALB",458,1755,"1756",150.132,"I-3","150.132I-3","L","5/7/23, CL, REPORTED",34.010097,-85.997069,"A","CL",NA,NA,0,c(-85.997069, 34.010097)
"211",411.532395075598,2023-05-25,5,25,2023,123,"ALB",458,1755,"1756",150.132,"I-3","150.132I-3","L","5/7/23, CL, REPORTED",34.01332,-85.99551,"A","CL",NA,NA,384.783111,c(-85.99551, 34.0133200000001)
"212",11067.7698457544,2023-06-22,6,22,2023,123,"ALB",458,1755,"1756",150.132,"I-3","150.132I-3","L","5/7/23, CL, REPORTED",33.93302,-85.97149,"A","CL",NA,NA,10547.268982,c(-85.97149, 33.9330200000001)
"213",11043.9597240455,2023-07-07,7,7,2023,123,"ALB",458,1755,"1756",150.132,"I-3","150.132I-3","L","5/7/23, CL, REPORTED",33.93299,-85.97122,"D","CL",NA,NA,10525.017701,c(-85.97122, 33.9329900000001)
"214",11068.2271474,2023-07-18,7,18,2023,123,"ALB",458,1755,"1756",150.132,"I-3","150.132I-3","L","5/7/23, CL, REPORTED, Remove?",33.93295,-85.97146,"D","CL",NA,NA,10546.95584,c(-85.97146, 33.9329500000001)
"215",11047.6579935997,2023-08-04,8,4,2023,123,"ALB",458,1755,"1756",150.132,"I-3","150.132I-3","L","5/7/23, CL, REPORTED, Remove",33.93301,-85.97127,"D","CL",NA,NA,10528.005151,c(-85.9712699999999, 33.93301)
"216",11041.8819260208,2023-08-26,8,26,2023,123,"ALB",458,1755,"1756",150.132,"I-3","150.132I-3","L","5/7/23, CL, REPORTED, Remove",33.93302,-85.97124,"D","CL",NA,NA,10525.402234,c(-85.97124, 33.9330200000001)
"217",11056.675011154,2023-09-10,9,10,2023,123,"ALB",458,1755,"1756",150.132,"I-3","150.132I-3","L","5/7/23, CL, REPORTED, Remove",33.93303,-85.97137,"D","CL",NA,NA,10536.26289,c(-85.97137, 33.93303)
"218",11064.0715658251,2023-09-25,9,25,2023,123,"ALB",458,1755,"1756",150.132,"I-3","150.132I-3","L","5/7/23, CL, REPORTED, Remove",33.93305,-85.97148,"D","CL",NA,NA,0,c(-85.97148, 33.93305)
"219",11055.0545344369,2023-10-09,10,9,2023,123,"ALB",458,1755,"1756",150.132,"I-3","150.132I-3","L",NA,33.93301,-85.97135,"D","CL",NA,NA,0,c(-85.97135, 33.93301)
"220",11048.1153285408,2023-10-23,10,23,2023,123,"ALB",458,1755,"1756",150.132,"I-3","150.132I-3","L",NA,33.93292,-85.97123,"D","CL",NA,NA,0,c(-85.9712299999999, 33.93292)
"221",11061.287933295,2023-11-03,11,3,2023,123,"ALB",458,1755,"1756",150.132,"I-3","150.132I-3","L",NA,33.93289,-85.97134,"D","CL",NA,NA,0,c(-85.9713399999999, 33.93289)
"222",11056.675011154,2023-11-16,11,16,2023,123,"ALB",458,1755,"1756",150.132,"I-3","150.132I-3","L",NA,33.93302,-85.97138,"D","CL",NA,NA,0,c(-85.97138, 33.9330200000001)
"223",11045.5801955743,2023-12-04,12,4,2023,123,"ALB",458,1755,"1756",150.132,"I-3","150.132I-3","L",NA,33.93305,-85.97126,"D","CL",NA,NA,0,c(-85.97126, 33.93305)
"224",11050.8989446601,2023-12-19,12,19,2023,123,"ALB",458,1755,"1756",150.132,"I-3","150.132I-3","L",NA,33.93306,-85.97134,"D","CL",NA,NA,0,c(-85.9713399999999, 33.9330600000001)
"225",11043.9597240455,2024-01-04,1,4,2024,123,"ALB",458,1755,"1756",150.132,"I-3","150.132I-3","L",NA,33.933,-85.97124,"D","CL","Removed 1/16/23",NA,0,c(-85.97124, 33.933)
"257",0,2023-06-17,6,17,2023,33,"LMB",411,1707,"NA",150.132,"I-15","150.132I-15","U","CAUGHT, 6/17/2023, CL, TJ",34.010097,-85.997069,"A","CL",NA,NA,0,c(-85.997069, 34.010097)
"258",344.131138827483,2023-06-21,6,21,2023,33,"LMB",411,1707,"NA",150.132,"I-15","150.132I-15","U","6/17/2023, CL, TJ",34.00753,-85.99888,"A","CL",NA,NA,332.48666,c(-85.99888, 34.00753)
"259",340.11977363245,2023-07-07,7,7,2023,33,"LMB",411,1707,"NA",150.132,"I-15","150.132I-15","U","6/17/2023, CL, TJ",34.00752,-85.99873,"A","CL",NA,NA,327.763752,c(-85.99873, 34.0075200000001)
"260",348.568039683727,2023-07-18,7,18,2023,33,"LMB",411,1707,"NA",150.132,"I-15","150.132I-15","U","6/17/2023, CL, TJ",34.00747,-85.99885,"A","CL",NA,NA,336.666861,c(-85.9988499999999, 34.0074700000001)
"261",234.910813606537,2023-08-04,8,4,2023,33,"LMB",411,1707,"NA",150.132,"I-15","150.132I-15","U","6/17/2023, CL, TJ",34.00837,-85.99839,"A","CL",NA,NA,228.710301,c(-85.99839, 34.0083700000001)
"262",239.347715070622,2023-08-27,8,27,2023,33,"LMB",411,1707,"NA",150.132,"I-15","150.132I-15","U","6/17/2023, CL, TJ",34.00831,-85.99839,"A","CL",NA,NA,235.02208,c(-85.99839, 34.0083100000001)
"263",239.347715070622,2023-09-11,9,11,2023,33,"LMB",411,1707,"NA",150.132,"I-15","150.132I-15","U","6/17/2023, CL, TJ",34.00833,-85.99837,"A","CL",NA,NA,232.376842,c(-85.99837, 34.0083300000001)
"264",233.573704145591,2023-09-25,9,25,2023,33,"LMB",411,1707,"NA",150.132,"I-15","150.132I-15","U",NA,34.00836,-85.99834,"A","CL",NA,NA,0,c(-85.99834, 34.00836)
"265",226.037010591533,2023-10-09,10,9,2023,33,"LMB",411,1707,"NA",150.132,"I-15","150.132I-15","U",NA,34.00843,-85.99838,"A","CL",NA,NA,0,c(-85.9983799999999, 34.00843)
"266",238.010605609676,2023-10-23,10,23,2023,33,"LMB",411,1707,"NA",150.132,"I-15","150.132I-15","U",NA,34.00831,-85.99836,"D","CL","Tag on dry land on 11/3/2023, removed",NA,0,c(-85.9983599999999, 34.0083100000001)
"282",0,2023-04-27,4,27,2023,59,"LMB",479,2410,"NA",150.333,"L-98","150.333L-98","U","4/27/23, CL, Reported",34.010097,-85.997069,"A","CL",NA,NA,0,c(-85.997069, 34.010097)
"283",21396.4639384432,2023-04-30,4,30,2023,59,"LMB",479,2410,"NA",150.333,"L-98","150.333L-98","U","4/27/23, CL, Reported Error in report?",33.91745,-86.05886,"A","CL",NA,NA,20134.252789,c(-86.05886, 33.91745)
"284",21427.4143922402,2023-05-08,5,8,2023,59,"LMB",479,2410,"NA",150.333,"L-98","150.333L-98","U","4/27/23, CL, Reported",33.91698,-86.05882,"A","CL",NA,NA,20169.00793,c(-86.05882, 33.91698)
"285",21356.9407429864,2023-05-24,5,24,2023,59,"LMB",479,2410,"NA",150.333,"L-98","150.333L-98","U","4/27/23, CL, Reported",33.91757,-86.05851,"A","CL",NA,NA,20099.458972,c(-86.05851, 33.9175700000001)
"286",6702.66368431739,2023-06-21,6,21,2023,59,"LMB",479,2410,"NA",150.333,"L-98","150.333L-98","U","4/27/23, CL, Reported, MASSIVE MOVE",33.963,-85.97389,"D","CL",NA,NA,6357.643103,c(-85.97389, 33.9630000000001)
"287",6698.04644872202,2023-07-07,7,7,2023,59,"LMB",479,2410,"NA",150.333,"L-98","150.333L-98","U","4/27/23, CL, Reported, Remove?",33.96315,-85.97387,"D","CL",NA,NA,6349.996605,c(-85.97387, 33.96315)
"288",6704.74251892681,2023-07-18,7,18,2023,59,"LMB",479,2410,"NA",150.333,"L-98","150.333L-98","U","4/27/23, CL, Reported, Remove?",33.96297,-85.97391,"D","CL",NA,NA,6357.641588,c(-85.97391, 33.96297)
"289",6698.96726419003,2023-08-04,8,4,2023,59,"LMB",479,2410,"NA",150.333,"L-98","150.333L-98","U","4/27/23, CL, Reported, Remove",33.96298,-85.97394,"D","CL",NA,NA,6355.422369,c(-85.97394, 33.9629800000001)
"290",6677.94474022468,2023-08-27,8,27,2023,59,"LMB",479,2410,"NA",150.333,"L-98","150.333L-98","U","4/27/23, CL, Reported, Remove",33.96311,-85.97411,"D","CL",NA,NA,6334.343544,c(-85.9741099999999, 33.96311)
"291",6686.95615684158,2023-09-11,9,11,2023,59,"LMB",479,2410,"NA",150.333,"L-98","150.333L-98","U","4/27/23, CL, Reported, Remove",33.96316,-85.97397,"D","CL",NA,NA,6341.902796,c(-85.97397, 33.9631600000001)
"292",6683.25941652872,2023-09-25,9,25,2023,59,"LMB",479,2410,"NA",150.333,"L-98","150.333L-98","U",NA,33.96314,-85.97402,"D","CL",NA,NA,0,c(-85.9740199999999, 33.9631400000001)
"293",6692.73140723631,2023-10-09,10,9,2023,59,"LMB",479,2410,"NA",150.333,"L-98","150.333L-98","U",NA,33.9631,-85.97396,"D","CL",NA,NA,0,c(-85.97396, 33.9631000000001)
"294",6693.19201053682,2023-10-23,10,23,2023,59,"LMB",479,2410,"NA",150.333,"L-98","150.333L-98","U",NA,33.96302,-85.97399,"D","CL",NA,NA,0,c(-85.97399, 33.96302)
"295",6694.80991840316,2023-11-16,11,16,2023,59,"LMB",479,2410,"NA",150.333,"L-98","150.333L-98","U",NA,33.96309,-85.97394,"D","CL",NA,NA,0,c(-85.97394, 33.9630900000001)
"296",6702.66368431739,2023-12-04,12,4,2023,59,"LMB",479,2410,"NA",150.333,"L-98","150.333L-98","U",NA,33.96299,-85.97389,"D","CL",NA,NA,0,c(-85.97389, 33.96299)
"297",6689.49524427155,2023-12-19,12,19,2023,59,"LMB",479,2410,"NA",150.333,"L-98","150.333L-98","U",NA,33.96305,-85.97401,"D","CL",NA,NA,0,c(-85.97401, 33.9630500000001)
"298",6675.86625609522,2024-01-04,1,4,2024,59,"LMB",479,2410,"NA",150.333,"L-98","150.333L-98","U",NA,33.96317,-85.97409,"D","CL","Removed 1/16/23",NA,0,c(-85.97409, 33.96317)
"299",0,2023-06-06,6,6,2023,43,"LMB",476,2447,"NA",150.333,"L-90","150.333L-90","U","6/6/23, CL, Reported",34.010097,-85.997069,"A","CL",NA,NA,0,c(-85.997069, 34.010097)
"300",869.396269183954,2023-06-21,6,21,2023,43,"LMB",476,2447,"NA",150.333,"L-90","150.333L-90","U","6/6/23, CL, Reported, second pocket E and up from CL",34.0152,-85.99058,"A","CL",NA,NA,839.307784,c(-85.99058, 34.0152)
"301",0,2023-05-27,5,27,2023,169,"LMB",498,3,"NA",150.333,"J-38","150.333J-38",NA,"5/27/23, CL, Reported",34.010097,-85.997069,"A","CL",NA,NA,0,c(-85.997069, 34.010097)
"302",0,2023-05-07,5,7,2023,197,"LMB",505,62,"NA",150.132,"I-19","150.132I-19","U","5/7/23, CL, Reported",34.010097,-85.997069,"A","CL",NA,NA,0,c(-85.997069, 34.010097)
"303",166.534247479598,2023-05-09,5,9,2023,197,"LMB",505,62,"NA",150.132,"I-19","150.132I-19","U","5/7/23, CL, Reported",34.00887,-85.99808,"A","CL",NA,NA,166.077307,c(-85.99808, 34.0088700000001)
"304",3320.44326440359,2023-05-25,5,25,2023,197,"LMB",505,62,"NA",150.132,"I-19","150.132I-19","U","5/7/23, CL, Reported",33.99024,-86.00524,"A","CL",NA,NA,3211.806348,c(-86.00524, 33.99024)
"305",3162.12183382402,2023-06-06,6,6,2023,197,"LMB",505,62,"NA",150.132,"I-19","150.132I-19","U","5/7/23, CL, Reported",33.99032,-86.00289,"A","CL",NA,NA,3070.575997,c(-86.00289, 33.9903200000001)
"306",3172.82341555785,2023-06-21,6,21,2023,197,"LMB",505,62,"NA",150.132,"I-19","150.132I-19","U","5/7/23, CL, Reported",33.99033,-86.00322,"A","CL",NA,NA,3088.120633,c(-86.0032199999999, 33.99033)
"307",2838.74742673589,2023-07-07,7,7,2023,197,"LMB",505,62,"NA",150.132,"I-19","150.132I-19","U","5/7/23, CL, Reported",33.98807,-86.00067,"A","CL",NA,NA,2759.874795,c(-86.00067, 33.9880700000001)
"308",3154.09571776737,2023-07-18,7,18,2023,197,"LMB",505,62,"NA",150.132,"I-19","150.132I-19","U","5/7/23, CL, Reported, dock by mouth of Black Creek",33.9903,-86.00266,"A","CL",NA,NA,3057.639132,c(-86.0026599999999, 33.9903)
"309",6995.74988201346,2023-09-10,9,10,2023,197,"LMB",505,62,"NA",150.132,"I-19","150.132I-19","U","5/7/23, CL, Reported, big move up black",34.007867,-86.029998,"A","CL",NA,NA,6675.995041,c(-86.029998, 34.007867)
"323",0,2023-06-24,6,24,2023,45,"LMB",482,1450,"NA",150.222,"I-18","150.222I-18","U","6/24/23, CL, TJ",34.010097,-85.997069,"A","CL",NA,NA,0,c(-85.997069, 34.010097)
"324",4602.30520987046,2023-07-07,7,7,2023,45,"LMB",482,1450,"NA",150.222,"I-18","150.222I-18","U","6/24/23, CL, TJ",33.97872,-85.99521,"D","CL",NA,NA,4439.648746,c(-85.99521, 33.9787200000001)
"325",4605.40409289793,2023-07-18,7,18,2023,45,"LMB",482,1450,"NA",150.222,"I-18","150.222I-18","U","6/24/23, CL, TJ, Remove?",33.97875,-85.9952,"D","CL",NA,NA,4442.212381,c(-85.9952, 33.97875)
"326",4602.30520987046,2023-08-04,8,4,2023,45,"LMB",482,1450,"NA",150.222,"I-18","150.222I-18","U","6/24/23, CL, TJ, Remove",33.97871,-85.99524,"D","CL",NA,NA,4439.637936,c(-85.99524, 33.97871)
"327",4605.40409289793,2023-08-27,8,27,2023,45,"LMB",482,1450,"NA",150.222,"I-18","150.222I-18","U","6/24/23, CL, TJ, Remove",33.97874,-85.9952,"D","CL",NA,NA,4441.221482,c(-85.9952, 33.9787400000001)
"328",4605.40409289793,2023-09-11,9,11,2023,45,"LMB",482,1450,"NA",150.222,"I-18","150.222I-18","U","6/24/23, CL, TJ, Remove",33.97875,-85.9952,"D","CL",NA,NA,4442.212381,c(-85.9952, 33.97875)
"329",4602.30520987046,2023-09-25,9,25,2023,45,"LMB",482,1450,"NA",150.222,"I-18","150.222I-18","U",NA,33.97871,-85.99522,"D","CL",NA,NA,0,c(-85.99522, 33.97871)
"330",4602.30520987046,2023-10-09,10,9,2023,45,"LMB",482,1450,"NA",150.222,"I-18","150.222I-18","U",NA,33.97872,-85.99522,"D","CL",NA,NA,0,c(-85.99522, 33.9787200000001)
"331",4596.53038181753,2023-10-23,10,23,2023,45,"LMB",482,1450,"NA",150.222,"I-18","150.222I-18","U",NA,33.97866,-85.99517,"D","CL","Tag on dry land on 11/3/2023, removed",NA,0,c(-85.99517, 33.97866)
"332",0,2023-06-24,6,24,2023,177,"LMB",520,741,NA,150.333,"L-86","150.333L-86","U","6/24/23, CL, TJ",34.010097,-85.997069,"A","CL",NA,NA,0,c(-85.997069, 34.010097)
"333",2554.2754960274,2023-07-07,7,7,2023,177,"LMB",520,741,NA,150.333,"L-86","150.333L-86","U","6/24/23, CL, TJ",33.99156,-85.99773,"A","CL",NA,NA,2459.27722,c(-85.99773, 33.99156)
"334",5214.21491661131,2023-07-18,7,18,2023,177,"LMB",520,741,NA,150.333,"L-86","150.333L-86","U","6/24/23, CL, TJ",33.97017,-85.986,"A","CL",NA,NA,4985.676356,c(-85.986, 33.9701700000001)
"335",5219.98997702336,2023-08-04,8,4,2023,177,"LMB",520,741,NA,150.333,"L-86","150.333L-86","U","6/24/23, CL, TJ",33.9701,-85.98596,"A","CL",NA,NA,4992.681844,c(-85.98596, 33.9701000000001)
"336",5223.68665156208,2023-08-27,8,27,2023,177,"LMB",520,741,NA,150.333,"L-86","150.333L-86","U","6/24/23, CL, TJ",33.97012,-85.9859,"D","CL",NA,NA,4996.839822,c(-85.9859, 33.9701200000001)
"337",5227.38332783159,2023-09-11,9,11,2023,177,"LMB",520,741,NA,150.333,"L-86","150.333L-86","U","6/24/23, CL, TJ",33.97011,-85.98587,"D","CL",NA,NA,4999.072564,c(-85.98587, 33.97011)
"338",5229.0016251509,2023-09-25,9,25,2023,177,"LMB",520,741,NA,150.333,"L-86","150.333L-86","U",NA,33.97017,-85.98582,"A","CL",NA,NA,0,c(-85.98582, 33.9701700000001)
"339",5234.77668556295,2023-10-09,10,9,2023,177,"LMB",520,741,NA,150.333,"L-86","150.333L-86","U",NA,33.9701,-85.9858,"A","CL",NA,NA,0,c(-85.9858, 33.9701000000001)
"340",5223.68665156208,2023-10-23,10,23,2023,177,"LMB",520,741,NA,150.333,"L-86","150.333L-86","U",NA,33.97013,-85.98592,"A","CL","Tag on dry land on 11/3/2023, removed",NA,0,c(-85.98592, 33.97013)
"341",0,2023-07-11,7,11,2023,31,"ALB",390,2407,"NA",150.222,"L-97","150.222L-97","U","7/11/23, CL, Reported",34.010097,-85.997069,"A","CL",NA,NA,0,c(-85.997069, 34.010097)
"342",266.622474436577,2023-07-18,7,18,2023,31,"ALB",390,2407,"NA",150.222,"L-97","150.222L-97","U","7/11/23, CL, Reported",34.01191,-85.99527,"A","CL",NA,NA,261.091124,c(-85.9952699999999, 34.0119100000001)
"343",126.564600895315,2023-08-04,8,4,2023,31,"ALB",390,2407,"NA",150.222,"L-97","150.222L-97","U","7/11/23, CL, Reported",34.00929,-85.99798,"A","CL",NA,NA,123.273974,c(-85.99798, 34.0092900000001)
"344",105.547657816647,2023-09-11,9,11,2023,31,"ALB",390,2407,"NA",150.222,"L-97","150.222L-97","U","7/11/23, CL, Reported",34.00938,-85.99784,"A","CL",NA,NA,107.19484,c(-85.9978399999999, 34.0093800000001)
"345",136.033554082359,2023-09-25,9,25,2023,31,"ALB",390,2407,"NA",150.222,"L-97","150.222L-97","U",NA,34.00925,-85.99806,"D","CL",NA,NA,0,c(-85.99806, 34.0092500000001)
"346",111.321652762281,2023-10-09,10,9,2023,31,"ALB",390,2407,"NA",150.222,"L-97","150.222L-97","U",NA,34.00937,-85.99787,"D","CL",NA,NA,0,c(-85.99787, 34.00937)
"347",115.016607742042,2023-10-23,10,23,2023,31,"ALB",390,2407,"NA",150.222,"L-97","150.222L-97","U",NA,34.00936,-85.99791,"D","CL",NA,NA,0,c(-85.99791, 34.0093600000001)
"348",126.101472684743,2023-11-03,11,3,2023,31,"ALB",390,2407,"NA",150.222,"L-97","150.222L-97","U",NA,34.00936,-85.99801,"D","CL",NA,NA,0,c(-85.99801, 34.0093600000001)
"349",117.095648796074,2023-12-04,12,4,2023,31,"ALB",390,2407,"NA",150.222,"L-97","150.222L-97","U",NA,34.00933,-85.9979,"D","CL",NA,NA,0,c(-85.9979, 34.00933)
"350",109.242612796409,2023-12-19,12,19,2023,31,"ALB",390,2407,"NA",150.222,"L-97","150.222L-97","U",NA,34.00938,-85.99787,"D","CL",NA,NA,0,c(-85.99787, 34.0093800000001)
"351",117.095648796074,2024-01-04,1,4,2024,31,"ALB",390,2407,"NA",150.222,"L-97","150.222L-97","U",NA,34.0093,-85.99792,"D","CL","Removed 1/16/23",NA,0,c(-85.99792, 34.0093000000001)
"360",0,2023-11-11,11,11,2023,167,"LMB",532,1444,"1443",150.222,"I-16","150.222I-16","U","CAUGHT on 11/11/23, CL, TJ",34.010097,-85.997069,"A","CL","Caught 11/11/23, CL, TJ",NA,0,c(-85.997069, 34.010097)
"361",489.880116329926,2023-12-04,12,4,2023,167,"LMB",532,1444,"1443",150.222,"I-16","150.222I-16","U",NA,34.00662,-86.00029,"A","CL",NA,NA,0,c(-86.0002899999999, 34.0066200000001)
"362",5148.7800918604,2023-12-19,12,19,2023,167,"LMB",532,1444,"1443",150.222,"I-16","150.222I-16","U",NA,34.01234,-85.95349,"A","CL",NA,NA,0,c(-85.95349, 34.0123400000001)
"363",5242.07789128041,2024-01-04,1,4,2024,167,"LMB",532,1444,"1443",150.222,"I-16","150.222I-16","U",NA,34.0125,-85.95257,"A","CL",NA,NA,0,c(-85.95257, 34.0125)
"364",5404.65985830572,2024-02-10,2,10,2024,167,"LMB",532,1444,"1443",150.222,"I-16","150.222I-16","U",NA,34.0145,-85.9546,"A","CL",NA,NA,0,c(-85.9546, 34.0145000000001)
"365",5230.53011658183,2024-02-24,2,24,2024,167,"LMB",532,1444,"1443",150.222,"I-16","150.222I-16","U",NA,34.01245,-85.95265,"A","CL",NA,NA,0,c(-85.9526499999999, 34.0124500000001)
