"","DaysSinceLastLoc","MetersFromLastLocation","Date","TagSite","Species","TL","RewardTag1","Combined","Radio.Tag.Frequency","WeeksSinceLastLoc","MetersPerWeek","A.D","GroupMovement"
"1",18,253.565466779086,2023-08-04,169,"LMB",501,2,"150.333J-37",150.333,2.57142857142857,98.6087926363112,"A","A"
"2",23,311.440244133267,2023-08-27,169,"LMB",501,2,"150.333J-37",150.333,3.28571428571429,94.7861612579507,"A","A"
"3",14,186.666511246392,2023-09-10,169,"LMB",501,2,"150.333J-37",150.333,2,93.3332556231958,"A","A"
"4",15,95.3508400989145,2023-09-25,169,"LMB",501,2,"150.333J-37",150.333,2.14285714285714,44.4970587128268,"A","A"
"5",14,312.154135563439,2023-10-09,169,"LMB",501,2,"150.333J-37",150.333,2,156.077067781719,"A","A"
"6",14,291.705544627992,2023-10-23,169,"LMB",501,2,"150.333J-37",150.333,2,145.852772313996,"A","A"
"7",11,50.9551666615224,2023-11-03,169,"LMB",501,2,"150.333J-37",150.333,1.57142857142857,32.4260151482415,"A","A"
"8",13,8.32102722712061,2023-11-16,169,"LMB",501,2,"150.333J-37",150.333,1.85714285714286,4.48055312229572,"A","A"
"9",18,247.003340372184,2023-12-04,169,"LMB",501,2,"150.333J-37",150.333,2.57142857142857,96.0568545891828,"A","A"
"10",15,15.4264849695539,2023-12-19,169,"LMB",501,2,"150.333J-37",150.333,2.14285714285714,7.19902631912516,"A","A"
"11",16,2.77362321770206,2024-01-04,169,"LMB",501,2,"150.333J-37",150.333,2.28571428571429,1.21346015774465,"A","A"
"12",22,3.32763686003046,2024-01-26,169,"LMB",501,2,"150.333J-37",150.333,3.14285714285714,1.05879354637333,"A","A"
"13",14,8.66398358464969,2024-02-09,169,"LMB",501,2,"150.333J-37",150.333,2,4.33199179232485,"A","A"
"14",49,1230.82243342178,2024-03-29,169,"LMB",501,2,"150.333J-37",150.333,7,175.831776203112,"D","A"
"15",18,638.580896305882,2023-08-04,47,"LMB",530,21,"150.222I-17",150.222,2.57142857142857,248.337015230065,"A","A"
"16",23,1539.5779380771,2023-08-27,47,"LMB",530,21,"150.222I-17",150.222,3.28571428571429,468.567198545204,"A","A"
"17",14,37.6178533613649,2023-09-10,47,"LMB",530,21,"150.222I-17",150.222,2,18.8089266806824,"A","A"
"18",15,37.6178656423017,2023-09-25,47,"LMB",530,21,"150.222I-17",150.222,2.14285714285714,17.5550039664075,"D","A"
"19",27,56.6196512202377,2023-05-09,33,"LMB",529,52,"150.222J-33",150.222,3.85714285714286,14.6791688348765,"D","A"
"20",23,231.400602406941,2023-08-27,197,"LMB",427,56,"150.222J-40",150.222,3.28571428571429,70.4262702977646,"A","A"
"21",15,12.6475026367902,2023-09-11,197,"LMB",427,56,"150.222J-40",150.222,2.14285714285714,5.90216789716876,"A","A"
"22",14,244.025108837871,2023-09-25,197,"LMB",427,56,"150.222J-40",150.222,2,122.012554418935,"A","A"
"23",14,2173.40130595295,2023-10-09,197,"LMB",427,56,"150.222J-40",150.222,2,1086.70065297648,"A","A"
"24",25,788.270481338633,2023-11-03,197,"LMB",427,56,"150.222J-40",150.222,3.57142857142857,220.715734774817,"A","A"
"25",14,1192.92135233734,2023-11-17,197,"LMB",427,56,"150.222J-40",150.222,2,596.460676168668,"A","A"
"26",17,860.483105440919,2023-12-04,197,"LMB",427,56,"150.222J-40",150.222,2.42857142857143,354.316572828614,"A","A"
"27",15,888.679225798086,2023-12-19,197,"LMB",427,56,"150.222J-40",150.222,2.14285714285714,414.716972039107,"A","A"
"28",16,19.9659916133367,2024-01-04,197,"LMB",427,56,"150.222J-40",150.222,2.28571428571429,8.7351213308348,"A","A"
"29",37,219.379422898984,2024-02-10,197,"LMB",427,56,"150.222J-40",150.222,5.28571428571429,41.504215143051,"A","A"
"30",14,341.845240558231,2024-02-24,197,"LMB",427,56,"150.222J-40",150.222,2,170.922620279115,"A","A"
"31",13,862.389828064447,2024-03-08,197,"LMB",427,56,"150.222J-40",150.222,1.85714285714286,464.363753573164,"A","A"
"32",21,244.389578909283,2024-03-29,197,"LMB",427,56,"150.222J-40",150.222,3,81.4631929697609,"A","A"
"33",22,563.455233928845,2024-04-20,197,"LMB",427,56,"150.222J-40",150.222,3.14285714285714,179.281210795542,"A","A"
"34",23,76.4009969057396,2023-08-27,193,"LMB",518,65,"150.222J-39",150.222,3.28571428571429,23.2524773191381,"A","A"
"35",15,58.6285692263109,2023-09-11,193,"LMB",518,65,"150.222J-39",150.222,2.14285714285714,27.3599989722784,"A","A"
"36",14,11.9898793939407,2023-09-25,193,"LMB",518,65,"150.222J-39",150.222,2,5.99493969697033,"A","A"
"37",14,24.0821931657833,2023-10-09,193,"LMB",518,65,"150.222J-39",150.222,2,12.0410965828917,"A","A"
"38",39,46.6054363625616,2023-11-17,193,"LMB",518,65,"150.222J-39",150.222,5.57142857142857,8.36507832148541,"A","A"
"39",17,2411.3229207713,2023-12-04,193,"LMB",518,65,"150.222J-39",150.222,2.42857142857143,992.897673258769,"A","A"
"40",15,846.362888401732,2023-12-19,193,"LMB",518,65,"150.222J-39",150.222,2.14285714285714,394.969347920808,"A","A"
"41",16,250.849956111194,2024-01-04,193,"LMB",518,65,"150.222J-39",150.222,2.28571428571429,109.746855798647,"A","A"
"42",51,38.8057732086178,2024-02-24,193,"LMB",518,65,"150.222J-39",150.222,7.28571428571429,5.32628259726127,"A","A"
"43",34,1376.6266541606,2024-03-29,193,"LMB",518,65,"150.222J-39",150.222,4.85714285714286,283.423134680123,"A","A"
"44",22,516.232247135788,2024-04-20,193,"LMB",518,65,"150.222J-39",150.222,3.14285714285714,164.255714997751,"A","A"
"45",18,63.9262114286263,2023-05-01,193,"LMB",367,66,"150.333J-36",150.333,2.57142857142857,24.8601933333547,"A","A"
"46",8,7.65861259372426,2023-05-09,193,"LMB",367,66,"150.333J-36",150.333,1.14285714285714,6.70128601950873,"D","A"
"47",18,143.149873791785,2023-04-30,57,"LMB",470,119,"150.132J-37",150.132,2.57142857142857,55.6693953634719,"A","A"
"48",8,158.154965850942,2023-05-08,57,"LMB",470,119,"150.132J-37",150.132,1.14285714285714,138.385595119574,"A","A"
"49",16,21.6603449634634,2023-05-24,57,"LMB",470,119,"150.132J-37",150.132,2.28571428571429,9.47640092151525,"A","A"
"50",12,7.65970141362604,2023-06-05,57,"LMB",470,119,"150.132J-37",150.132,1.71428571428571,4.46815915794852,"A","A"
"51",17,260.472203633927,2023-06-22,57,"LMB",470,119,"150.132J-37",150.132,2.42857142857143,107.253260319852,"A","A"
"52",14,109.174716862749,2023-07-06,57,"LMB",470,119,"150.132J-37",150.132,2,54.5873584313747,"A","A"
"53",11,25.3068813511211,2023-07-17,57,"LMB",470,119,"150.132J-37",150.132,1.57142857142857,16.1043790416225,"A","A"
"54",18,21.3176265669579,2023-08-04,57,"LMB",470,119,"150.132J-37",150.132,2.57142857142857,8.29018810937253,"A","A"
"55",22,119.584119722076,2023-08-26,57,"LMB",470,119,"150.132J-37",150.132,3.14285714285714,38.0494926388424,"A","A"
"56",15,247.451904548191,2023-09-10,57,"LMB",470,119,"150.132J-37",150.132,2.14285714285714,115.477555455823,"A","A"
"57",28,256.586291189766,2023-10-08,57,"LMB",470,119,"150.132J-37",150.132,4,64.1465727974416,"A","A"
"58",15,57.3763324624054,2023-10-23,57,"LMB",470,119,"150.132J-37",150.132,2.14285714285714,26.7756218157892,"A","A"
"59",24,21.3175126029381,2023-11-16,57,"LMB",470,119,"150.132J-37",150.132,3.42857142857143,6.21760784252361,"A","A"
"60",17,216.603190280051,2023-12-03,57,"LMB",470,119,"150.132J-37",150.132,2.42857142857143,89.1895489388446,"A","A"
"61",15,18.2006117565583,2023-12-18,57,"LMB",470,119,"150.132J-37",150.132,2.14285714285714,8.49361881972722,"A","A"
"62",16,30.8537987188783,2024-01-03,57,"LMB",470,119,"150.132J-37",150.132,2.28571428571429,13.4985369395093,"A","A"
"63",37,619.064207238453,2024-02-09,57,"LMB",470,119,"150.132J-37",150.132,5.28571428571429,117.120255423491,"A","A"
"64",14,5.54726589047292,2024-02-23,57,"LMB",470,119,"150.132J-37",150.132,2,2.77363294523646,"D","A"
"65",18,4280.55089826064,2023-05-01,168,"LMB",422,140,"150.333J-39",150.333,2.57142857142857,1664.65868265691,"A","A"
"66",8,2342.78817887768,2023-05-09,168,"LMB",422,140,"150.333J-39",150.333,1.14285714285714,2049.93965651797,"A","A"
"67",16,1946.42367698878,2023-05-25,168,"LMB",422,140,"150.333J-39",150.333,2.28571428571429,851.560358682589,"A","A"
"68",12,735.360719220315,2023-06-06,168,"LMB",422,140,"150.333J-39",150.333,1.71428571428571,428.960419545184,"A","A"
"69",15,842.982652999203,2023-06-21,168,"LMB",422,140,"150.333J-39",150.333,2.14285714285714,393.391904732961,"A","A"
"70",27,2182.75831560692,2023-07-18,168,"LMB",422,140,"150.333J-39",150.333,3.85714285714286,565.900304046238,"A","A"
"71",17,1274.18602248764,2023-04-29,96,"ALB",468,515,"150.132L-89",150.132,2.42857142857143,524.664832789029,"A","A"
"72",9,293.097970603424,2023-05-08,96,"ALB",468,515,"150.132L-89",150.132,1.28571428571429,227.965088247108,"A","A"
"73",16,7.11328449273458,2023-05-24,96,"ALB",468,515,"150.132L-89",150.132,2.28571428571429,3.11206196557138,"A","A"
"74",12,194.738423206735,2023-06-05,96,"ALB",468,515,"150.132L-89",150.132,1.71428571428571,113.597413537262,"A","A"
"75",16,603.541109062415,2023-06-21,96,"ALB",468,515,"150.132L-89",150.132,2.28571428571429,264.049235214807,"A","A"
"76",15,93.8734773787182,2023-07-06,96,"ALB",468,515,"150.132L-89",150.132,2.14285714285714,43.8076227767352,"A","A"
"77",11,140.459275097527,2023-07-17,96,"ALB",468,515,"150.132L-89",150.132,1.57142857142857,89.3831750620628,"A","A"
"78",17,7.66245338668304,2023-08-03,96,"ALB",468,515,"150.132L-89",150.132,2.42857142857143,3.15512786510478,"A","A"
"79",23,151.325351641367,2023-08-26,96,"ALB",468,515,"150.132L-89",150.132,3.28571428571429,46.0555418038942,"A","A"
"80",15,89.2399357766767,2023-09-10,96,"ALB",468,515,"150.132L-89",150.132,2.14285714285714,41.6453033624491,"A","A"
"81",14,591.954684796696,2023-09-24,96,"ALB",468,515,"150.132L-89",150.132,2,295.977342398348,"D","A"
"82",17,19.9655439545176,2023-06-22,120,"ALB",420,529,"150.333I-08",150.333,2.42857142857143,8.22110633421312,"A","A"
"83",14,49.2955013383253,2023-07-06,120,"ALB",420,529,"150.333I-08",150.333,2,24.6477506691627,"A","A"
"84",11,37.9887648619154,2023-07-17,120,"ALB",420,529,"150.333I-08",150.333,1.57142857142857,24.1746685484916,"A","A"
"85",17,23.9901000770274,2023-08-03,120,"ALB",420,529,"150.333I-08",150.333,2.42857142857143,9.8782765023054,"A","A"
"86",16,165.27887860754,2023-05-24,70,"LMB",446,537,"150.333I-75",150.333,2.28571428571429,72.3095093907988,"A","A"
"87",18,5345.5200749707,2023-04-30,70,"ALB",354,538,"150.222J-35",150.222,2.57142857142857,2078.81336248861,"A","A"
"88",8,3333.7475414304,2023-05-08,70,"ALB",354,538,"150.222J-35",150.222,1.14285714285714,2917.0290987516,"A","A"
"89",16,5299.98534500024,2023-05-24,70,"ALB",354,538,"150.222J-35",150.222,2.28571428571429,2318.74358843761,"A","A"
"90",29,304.552176802764,2023-06-22,70,"ALB",354,538,"150.222J-35",150.222,4.14285714285714,73.5125944006671,"A","A"
"91",15,31.1970230969524,2023-07-07,70,"ALB",354,538,"150.222J-35",150.222,2.14285714285714,14.5586107785778,"A","A"
"92",10,10300.9859723124,2023-07-17,70,"ALB",354,538,"150.222J-35",150.222,1.42857142857143,7210.69018061868,"A","A"
"93",40,1250.03083555558,2023-08-26,70,"ALB",354,538,"150.222J-35",150.222,5.71428571428571,218.755396222226,"D","A"
"94",18,577.847132213181,2023-04-30,128,"LMB",530,548,"150.222L-86",150.222,2.57142857142857,224.718329194015,"A","A"
"95",8,681.580791810563,2023-05-08,128,"LMB",530,548,"150.222L-86",150.222,1.14285714285714,596.383192834242,"A","A"
"96",16,189.591371557575,2023-05-24,128,"LMB",530,548,"150.222L-86",150.222,2.28571428571429,82.9462250564391,"A","A"
"97",12,951.278783389334,2023-06-05,128,"LMB",530,548,"150.222L-86",150.222,1.71428571428571,554.912623643778,"A","A"
"98",17,195.320474833691,2023-06-22,128,"LMB",530,548,"150.222L-86",150.222,2.42857142857143,80.4260778726962,"A","A"
"99",14,792.562001443927,2023-07-06,128,"LMB",530,548,"150.222L-86",150.222,2,396.281000721963,"A","A"
"100",11,35.2099128875663,2023-07-17,128,"LMB",530,548,"150.222L-86",150.222,1.57142857142857,22.4063082011785,"A","A"
"101",17,819.646596395361,2023-08-03,128,"LMB",530,548,"150.222L-86",150.222,2.42857142857143,337.501539692207,"A","A"
"102",23,283.993835534849,2023-08-26,128,"LMB",530,548,"150.222L-86",150.222,3.28571428571429,86.4329064671278,"A","A"
"103",15,473.790251290086,2023-09-10,128,"LMB",530,548,"150.222L-86",150.222,2.14285714285714,221.102117268707,"A","A"
"104",14,24.2991314852765,2023-09-24,128,"LMB",530,548,"150.222L-86",150.222,2,12.1495657426383,"A","A"
"105",14,1978.60623952224,2023-10-08,128,"LMB",530,548,"150.222L-86",150.222,2,989.303119761122,"A","A"
"106",14,1227.27817194235,2023-10-22,128,"LMB",530,548,"150.222L-86",150.222,2,613.639085971176,"A","A"
"107",12,2594.83390998553,2023-11-03,128,"LMB",530,548,"150.222L-86",150.222,1.71428571428571,1513.65311415823,"A","A"
"108",13,Inf,2023-11-16,128,"LMB",530,548,"150.222L-86",150.222,1.85714285714286,Inf,"A","A"
"109",17,Inf,2023-12-03,128,"LMB",530,548,"150.222L-86",150.222,2.42857142857143,Inf,"A","A"
"110",15,Inf,2023-12-18,128,"LMB",530,548,"150.222L-86",150.222,2.14285714285714,Inf,"A","A"
"111",39,Inf,2024-01-26,128,"LMB",530,548,"150.222L-86",150.222,5.57142857142857,Inf,"D","A"
"112",18,19.6505070929098,2023-08-04,42,"LMB",360,716,"150.333L-94",150.333,2.57142857142857,7.64186386946494,"A","A"
"113",23,153.187290757863,2023-08-27,42,"LMB",360,716,"150.333L-94",150.333,3.28571428571429,46.6222189263062,"A","A"
"114",15,13.3105771029764,2023-09-11,42,"LMB",360,716,"150.333L-94",150.333,2.14285714285714,6.21160264805567,"A","A"
"115",14,7.10488860242707,2023-09-25,42,"LMB",360,716,"150.333L-94",150.333,2,3.55244430121354,"A","A"
"116",14,45.9561458080323,2023-10-09,42,"LMB",360,716,"150.333L-94",150.333,2,22.9780729040162,"A","A"
"117",14,108.235222078238,2023-10-23,42,"LMB",360,716,"150.333L-94",150.333,2,54.1176110391188,"D","A"
"118",18,1065.11494721882,2023-04-30,124,"LMB",453,1404,"150.222L-85",150.222,2.57142857142857,414.211368362873,"A","A"
"119",8,170.367914792232,2023-05-08,124,"LMB",453,1404,"150.222L-85",150.222,1.14285714285714,149.071925443203,"A","A"
"120",16,290.086167931535,2023-05-24,124,"LMB",453,1404,"150.222L-85",150.222,2.28571428571429,126.912698470046,"A","A"
"121",12,54.3065856475555,2023-06-05,124,"LMB",453,1404,"150.222L-85",150.222,1.71428571428571,31.6788416277407,"A","A"
"122",17,450.223979489728,2023-06-22,124,"LMB",453,1404,"150.222L-85",150.222,2.42857142857143,185.38634449577,"A","A"
"123",14,459.296374411041,2023-07-06,124,"LMB",453,1404,"150.222L-85",150.222,2,229.64818720552,"A","A"
"124",11,460.515217603576,2023-07-17,124,"LMB",453,1404,"150.222L-85",150.222,1.57142857142857,293.055138475003,"A","A"
"125",17,290.217701404561,2023-08-03,124,"LMB",453,1404,"150.222L-85",150.222,2.42857142857143,119.501406460702,"A","A"
"126",23,0,2023-08-26,124,"LMB",453,1404,"150.222L-85",150.222,3.28571428571429,0,"D","A"
"127",18,50.3113571935847,2023-04-30,124,"LMB",454,1405,"150.222L-91",150.222,2.57142857142857,19.5655277975052,"A","A"
"128",8,990.631924828003,2023-05-08,124,"LMB",454,1405,"150.222L-91",150.222,1.14285714285714,866.802934224502,"A","A"
"129",16,498.960958608119,2023-05-24,124,"LMB",454,1405,"150.222L-91",150.222,2.28571428571429,218.295419391052,"A","A"
"130",12,192.871924325698,2023-06-05,124,"LMB",454,1405,"150.222L-91",150.222,1.71428571428571,112.508622523324,"A","A"
"131",17,205.533879801188,2023-06-22,124,"LMB",454,1405,"150.222L-91",150.222,2.42857142857143,84.631597565195,"A","A"
"132",14,4.33356734602661,2023-07-06,124,"LMB",454,1405,"150.222L-91",150.222,2,2.16678367301331,"A","A"
"133",11,2.77613411049863,2023-07-17,124,"LMB",454,1405,"150.222L-91",150.222,1.57142857142857,1.76663079759004,"A","A"
"134",17,7.10970048519264,2023-08-03,124,"LMB",454,1405,"150.222L-91",150.222,2.42857142857143,2.92752372919697,"A","A"
"135",38,99.3041329177366,2023-09-10,124,"LMB",454,1405,"150.222L-91",150.222,5.42857142857143,18.2928665901094,"A","A"
"136",14,261.877292093752,2023-09-24,124,"LMB",454,1405,"150.222L-91",150.222,2,130.938646046876,"A","A"
"137",28,334.85137684776,2023-10-22,124,"LMB",454,1405,"150.222L-91",150.222,4,83.7128442119399,"A","A"
"138",12,1586.56037037838,2023-11-03,124,"LMB",454,1405,"150.222L-91",150.222,1.71428571428571,925.493549387387,"A","A"
"139",13,290.085424306065,2023-11-16,124,"LMB",454,1405,"150.222L-91",150.222,1.85714285714286,156.199843857112,"A","A"
"140",17,281.418304288384,2023-12-03,124,"LMB",454,1405,"150.222L-91",150.222,2.42857142857143,115.878125295217,"A","A"
"141",15,22.9837198020658,2023-12-18,124,"LMB",454,1405,"150.222L-91",150.222,2.14285714285714,10.7257359076307,"A","A"
"142",16,1100.59213798861,2024-01-03,124,"LMB",454,1405,"150.222L-91",150.222,2.28571428571429,481.509060370015,"A","A"
"143",37,1079.60140781239,2024-02-09,124,"LMB",454,1405,"150.222L-91",150.222,5.28571428571429,204.248914991533,"A","A"
"144",49,396.259827812686,2024-03-29,124,"LMB",454,1405,"150.222L-91",150.222,7,56.6085468303837,"A","A"
"145",22,1372.65253386537,2024-04-20,124,"LMB",454,1405,"150.222L-91",150.222,3.14285714285714,436.753078957164,"A","A"
"146",16,3663.81954712492,2023-05-24,123,"ALB",424,1422,"150.333I-18",150.333,2.28571428571429,1602.92105186715,"D","A"
"147",8,279.032393210673,2023-05-08,123,"LMB",412,1424,"150.132J-38",150.132,1.14285714285714,244.153344059339,"A","A"
"148",16,261.145760359769,2023-05-24,123,"LMB",412,1424,"150.132J-38",150.132,2.28571428571429,114.251270157399,"A","A"
"149",12,7.10766120013426,2023-06-05,123,"LMB",412,1424,"150.132J-38",150.132,1.71428571428571,4.14613570007832,"A","A"
"150",17,12.6574252681579,2023-06-22,123,"LMB",412,1424,"150.132J-38",150.132,2.42857142857143,5.2118809927709,"A","A"
"151",14,72.2934935263135,2023-07-06,123,"LMB",412,1424,"150.132J-38",150.132,2,36.1467467631567,"A","A"
"152",11,61.1939996483931,2023-07-17,123,"LMB",412,1424,"150.132J-38",150.132,1.57142857142857,38.9416361398865,"A","A"
"153",17,54.7683082463947,2023-08-03,123,"LMB",412,1424,"150.132J-38",150.132,2.42857142857143,22.5516563367508,"A","A"
"154",23,15.320805993141,2023-08-26,123,"LMB",412,1424,"150.132J-38",150.132,3.28571428571429,4.66285399791249,"D","A"
"155",18,185.958460999508,2023-08-04,167,"LMB",532,1444,"150.222I-16",150.222,2.57142857142857,72.3171792775862,"A","A"
"156",23,553.60878411065,2023-08-27,167,"LMB",532,1444,"150.222I-16",150.222,3.28571428571429,168.48962994672,"A","A"
"157",14,574.925276448322,2023-09-10,167,"LMB",532,1444,"150.222I-16",150.222,2,287.462638224161,"A","A"
"158",15,309.368658701723,2023-09-25,167,"LMB",532,1444,"150.222I-16",150.222,2.14285714285714,144.372040727471,"A","A"
"159",14,883.544572999787,2023-10-09,167,"LMB",532,1444,"150.222I-16",150.222,2,441.772286499893,"A","A"
"160",14,720.274880178156,2023-10-23,167,"LMB",532,1444,"150.222I-16",150.222,2,360.137440089078,"A","A"
"161",11,58.9313835665272,2023-11-03,167,"LMB",532,1444,"150.222I-16",150.222,1.57142857142857,37.5017895423355,"A","A"
"162",17,6849.19301513716,2023-04-30,45,"LMB",500,1449,"150.132L-84",150.132,2.42857142857143,2820.25594740942,"A","A"
"163",8,8194.98451792374,2023-05-08,45,"LMB",500,1449,"150.132L-84",150.132,1.14285714285714,7170.61145318327,"A","A"
"164",17,37.6154215857002,2023-05-25,45,"LMB",500,1449,"150.132L-84",150.132,2.42857142857143,15.4887030058766,"A","A"
"165",12,10776.5058391636,2023-06-06,45,"LMB",500,1449,"150.132L-84",150.132,1.71428571428571,6286.29507284544,"A","A"
"166",15,3220.17795966298,2023-06-21,45,"LMB",500,1449,"150.132L-84",150.132,2.14285714285714,1502.74971450939,"D","A"
"167",18,25.9909619816731,2023-05-01,45,"LMB",482,1450,"150.222I-18",150.222,2.57142857142857,10.1075963262062,"A","A"
"168",7,101.399551014631,2023-05-08,45,"LMB",482,1450,"150.222I-18",150.222,1,101.399551014631,"A","A"
"169",17,144.558420618494,2023-05-25,45,"LMB",482,1450,"150.222I-18",150.222,2.42857142857143,59.5240555487915,"A","A"
"170",12,158.241066587569,2023-06-06,45,"LMB",482,1450,"150.222I-18",150.222,1.71428571428571,92.3072888427487,"A","A"
"171",16,111.437426860658,2023-06-22,45,"LMB",482,1450,"150.222I-18",150.222,2.28571428571429,48.7538742515378,"A","A"
"172",18,24.9856816894984,2023-05-01,42,"LMB",417,1471,"150.222I-75",150.222,2.57142857142857,9.71665399036048,"A","A"
"173",7,70.8845468604535,2023-05-08,42,"LMB",417,1471,"150.222I-75",150.222,1,70.8845468604535,"A","A"
"174",17,10210.9978725002,2023-05-25,42,"LMB",417,1471,"150.222I-75",150.222,2.42857142857143,4204.52853573537,"A","A"
"175",12,20.6497557621441,2023-06-06,42,"LMB",417,1471,"150.222I-75",150.222,1.71428571428571,12.0456908612507,"A","A"
"176",15,7.65819387377715,2023-06-21,42,"LMB",417,1471,"150.222I-75",150.222,2.14285714285714,3.57382380776267,"A","A"
"177",16,3.32767608659292,2023-07-07,42,"LMB",417,1471,"150.222I-75",150.222,2.28571428571429,1.4558582878844,"A","A"
"178",11,23.9774148509405,2023-07-18,42,"LMB",417,1471,"150.222I-75",150.222,1.57142857142857,15.2583549051439,"A","A"
"179",17,11.9887062448653,2023-08-04,42,"LMB",417,1471,"150.222I-75",150.222,2.42857142857143,4.9365261008269,"A","A"
"180",12,53.1934425008088,2023-06-06,42,"LMB",383,1477,"150.333L-89",150.333,1.71428571428571,31.0295081254718,"A","A"
"181",16,44.5302722288411,2023-06-22,42,"LMB",383,1477,"150.333L-89",150.333,2.28571428571429,19.481994100118,"A","A"
"182",15,37.9803685714311,2023-07-07,42,"LMB",383,1477,"150.333L-89",150.333,2.14285714285714,17.7241720000012,"A","A"
"183",10,21.9737703043344,2023-07-17,42,"LMB",383,1477,"150.333L-89",150.333,1.42857142857143,15.3816392130341,"A","A"
"184",18,12914.0083415574,2023-08-04,42,"LMB",383,1477,"150.333L-89",150.333,2.57142857142857,5022.1143550501,"A","A"
"185",18,2.77311147658625,2023-05-01,41,"LMB",415,1485,"150.132I-09",150.132,2.57142857142857,1.07843224089465,"A","A"
"186",7,11.4364497562923,2023-05-08,41,"LMB",415,1485,"150.132I-09",150.132,1,11.4364497562923,"A","A"
"187",17,18.5412303163964,2023-05-25,41,"LMB",415,1485,"150.132I-09",150.132,2.42857142857143,7.63462424792795,"D","A"
"188",18,172.24099667147,2023-04-30,106,"LMB",467,1595,"150.333I-15",150.333,2.57142857142857,66.9826098166828,"A","A"
"189",8,70.2342645745878,2023-05-08,106,"LMB",467,1595,"150.333I-15",150.333,1.14285714285714,61.4549815027643,"A","A"
"190",16,252.165144301711,2023-05-24,106,"LMB",467,1595,"150.333I-15",150.333,2.28571428571429,110.322250631998,"A","A"
"191",12,107.438387598931,2023-06-05,106,"LMB",467,1595,"150.333I-15",150.333,1.71428571428571,62.6723927660428,"A","A"
"192",17,402.940231901846,2023-06-22,106,"LMB",467,1595,"150.333I-15",150.333,2.42857142857143,165.916566077231,"A","A"
"193",14,418.136072211191,2023-07-06,106,"LMB",467,1595,"150.333I-15",150.333,2,209.068036105595,"A","A"
"194",11,932.862459928138,2023-07-17,106,"LMB",467,1595,"150.333I-15",150.333,1.57142857142857,593.639747226997,"A","A"
"195",17,1094.24277804578,2023-08-03,106,"LMB",467,1595,"150.333I-15",150.333,2.42857142857143,450.570555665908,"A","A"
"196",23,3067.66935787546,2023-08-26,106,"LMB",467,1595,"150.333I-15",150.333,3.28571428571429,933.638500222967,"A","A"
"197",15,3086.09010573828,2023-09-10,106,"LMB",467,1595,"150.333I-15",150.333,2.14285714285714,1440.17538267786,"A","A"
"198",14,106.803182313153,2023-09-24,106,"LMB",467,1595,"150.333I-15",150.333,2,53.4015911565766,"A","A"
"199",53,11612.146675456,2023-11-16,106,"LMB",467,1595,"150.333I-15",150.333,7.57142857142857,1533.67974958853,"D","A"
"200",18,12.6669295532102,2023-04-30,106,"LMB",418,1600,"150.333I-16",150.333,2.57142857142857,4.92602815958174,"A","A"
"201",8,23.9928382190662,2023-05-08,106,"LMB",418,1600,"150.333I-16",150.333,1.14285714285714,20.9937334416829,"A","A"
"202",16,19.9654327378176,2023-05-24,106,"LMB",418,1600,"150.333I-16",150.333,2.28571428571429,8.73487682279518,"A","A"
"203",12,271.224938066178,2023-06-05,106,"LMB",418,1600,"150.333I-16",150.333,1.71428571428571,158.21454720527,"A","A"
"204",8,100.60964982035,2023-05-08,71,"LMB",417,1612,"150.222I-14",150.222,1.14285714285714,88.0334435928059,"A","A"
"205",16,525.278333000827,2023-05-24,71,"LMB",417,1612,"150.222I-14",150.222,2.28571428571429,229.809270687862,"A","A"
"206",12,14.3169148570571,2023-06-05,71,"LMB",417,1612,"150.222I-14",150.222,1.71428571428571,8.35153366661664,"A","A"
"207",17,343.689810537751,2023-06-22,71,"LMB",417,1612,"150.222I-14",150.222,2.42857142857143,141.519333750839,"A","A"
"208",14,417.466713783968,2023-07-06,71,"LMB",417,1612,"150.222I-14",150.222,2,208.733356891984,"A","A"
"209",11,90.6268285127398,2023-07-17,71,"LMB",417,1612,"150.222I-14",150.222,1.57142857142857,57.6716181444708,"A","A"
"210",17,202.841284790382,2023-08-03,71,"LMB",417,1612,"150.222I-14",150.222,2.42857142857143,83.5228819725103,"A","A"
"211",23,157.653310709311,2023-08-26,71,"LMB",417,1612,"150.222I-14",150.222,3.28571428571429,47.9814423897904,"A","A"
"212",15,156.031332193854,2023-09-10,71,"LMB",417,1612,"150.222I-14",150.222,2.14285714285714,72.8146216904653,"A","A"
"213",14,162.686443776993,2023-09-24,71,"LMB",417,1612,"150.222I-14",150.222,2,81.3432218884966,"A","A"
"214",14,129.942486676976,2023-10-08,71,"LMB",417,1612,"150.222I-14",150.222,2,64.9712433384878,"A","A"
"215",14,407.948960115997,2023-10-22,71,"LMB",417,1612,"150.222I-14",150.222,2,203.974480057998,"A","A"
"216",13,27.6272444598656,2023-11-04,71,"LMB",417,1612,"150.222I-14",150.222,1.85714285714286,14.8762085553122,"A","A"
"217",12,378.284415702801,2023-11-16,71,"LMB",417,1612,"150.222I-14",150.222,1.71428571428571,220.665909159967,"A","A"
"218",17,983.295397222769,2023-12-03,71,"LMB",417,1612,"150.222I-14",150.222,2.42857142857143,404.886340032905,"A","A"
"219",31,815.1373507163,2024-01-03,71,"LMB",417,1612,"150.222I-14",150.222,4.42857142857143,184.06327274239,"A","A"
"220",24,438.97563278886,2024-01-27,71,"LMB",417,1612,"150.222I-14",150.222,3.42857142857143,128.034559563418,"A","A"
"221",13,118.869954702388,2024-02-09,71,"LMB",417,1612,"150.222I-14",150.222,1.85714285714286,64.0068986859013,"A","A"
"222",14,80.6441432504538,2024-02-23,71,"LMB",417,1612,"150.222I-14",150.222,2,40.3220716252269,"A","A"
"223",14,13.0025936593482,2024-03-08,71,"LMB",417,1612,"150.222I-14",150.222,2,6.50129682967412,"A","A"
"224",43,7.66177542498657,2024-04-20,71,"LMB",417,1612,"150.222I-14",150.222,6.14285714285714,1.24726576685828,"A","A"
"225",18,1998.49096990034,2023-04-30,73,"LMB",379,1615,"150.132L-94",150.132,2.57142857142857,777.190932739021,"A","A"
"226",8,15.776050436839,2023-05-08,73,"LMB",379,1615,"150.132L-94",150.132,1.14285714285714,13.8040441322341,"A","A"
"227",16,11.9943958588246,2023-05-24,73,"LMB",379,1615,"150.132L-94",150.132,2.28571428571429,5.24754818823578,"A","A"
"228",12,14415.1710656489,2023-06-05,73,"LMB",379,1615,"150.132L-94",150.132,1.71428571428571,8408.84978829519,"A","A"
"229",17,5779.76924652624,2023-06-22,73,"LMB",379,1615,"150.132L-94",150.132,2.42857142857143,2379.90498386375,"A","A"
"230",14,97.4333495238422,2023-07-06,73,"LMB",379,1615,"150.132L-94",150.132,2,48.7166747619211,"D","A"
"231",16,585.583425727039,2023-05-24,73,"LMB",397,1618,"150.222I-15",150.222,2.28571428571429,256.192748755579,"A","A"
"232",12,339.782899246776,2023-06-05,73,"LMB",397,1618,"150.222I-15",150.222,1.71428571428571,198.206691227286,"A","A"
"233",17,318.675139630066,2023-06-22,73,"LMB",397,1618,"150.222I-15",150.222,2.42857142857143,131.219175141792,"A","A"
"234",14,8.66731079855122,2023-07-06,73,"LMB",397,1618,"150.222I-15",150.222,2,4.33365539927561,"A","A"
"235",11,19.4339104056957,2023-07-17,73,"LMB",397,1618,"150.222I-15",150.222,1.57142857142857,12.3670338945336,"A","A"
"236",17,16.3285596638233,2023-08-03,73,"LMB",397,1618,"150.222I-15",150.222,2.42857142857143,6.72352456745664,"A","A"
"237",23,5363.17150563871,2023-08-26,73,"LMB",397,1618,"150.222I-15",150.222,3.28571428571429,1632.26958867265,"A","A"
"238",15,7.66113379080853,2023-09-10,73,"LMB",397,1618,"150.222I-15",150.222,2.14285714285714,3.57519576904398,"D","A"
"239",179,13.0009817385703,2023-10-08,74,"LMB",400,1621,"150.132L-87",150.132,25.5714285714286,0.508418280279287,"A","A"
"240",27,56.6469299353627,2023-11-04,74,"LMB",400,1621,"150.132L-87",150.132,3.85714285714286,14.6862410943533,"D","A"
"241",18,208.328787181441,2023-04-30,74,"ALB",437,1627,"150.222J-37",150.222,2.57142857142857,81.0167505705605,"A","A"
"242",24,64.6682349206663,2023-05-24,74,"ALB",437,1627,"150.222J-37",150.222,3.42857142857143,18.8615685185277,"A","A"
"243",12,127.22430203115,2023-06-05,74,"ALB",437,1627,"150.222J-37",150.222,1.71428571428571,74.2141761848373,"A","A"
"244",17,29.3300526958242,2023-06-22,74,"ALB",437,1627,"150.222J-37",150.222,2.42857142857143,12.07708052181,"A","A"
"245",14,30.3362083987187,2023-07-06,74,"ALB",437,1627,"150.222J-37",150.222,2,15.1681041993593,"A","A"
"246",11,54.6354620977147,2023-07-17,74,"ALB",437,1627,"150.222J-37",150.222,1.57142857142857,34.7680213349094,"A","A"
"247",17,40.9372311988611,2023-08-03,74,"ALB",437,1627,"150.222J-37",150.222,2.42857142857143,16.8565069642369,"A","A"
"248",23,35.2882011330666,2023-08-26,74,"ALB",437,1627,"150.222J-37",150.222,3.28571428571429,10.7398873013681,"A","A"
"249",15,451.396849823357,2023-09-10,74,"ALB",437,1627,"150.222J-37",150.222,2.14285714285714,210.6518632509,"A","A"
"250",14,169.244637786554,2023-09-24,74,"ALB",437,1627,"150.222J-37",150.222,2,84.6223188932771,"A","A"
"251",14,118.943464272987,2023-10-08,74,"ALB",437,1627,"150.222J-37",150.222,2,59.4717321364934,"A","A"
"252",14,17.6440416561499,2023-10-22,74,"ALB",437,1627,"150.222J-37",150.222,2,8.82202082807497,"A","A"
"253",13,11.9949394386685,2023-11-04,74,"ALB",437,1627,"150.222J-37",150.222,1.85714285714286,6.45881354389841,"A","A"
"254",12,411.775415679197,2023-11-16,74,"ALB",437,1627,"150.222J-37",150.222,1.71428571428571,240.202325812865,"A","A"
"255",17,200.58788615455,2023-12-03,74,"ALB",437,1627,"150.222J-37",150.222,2.42857142857143,82.5950119459913,"A","A"
"256",15,252.125092740765,2023-12-18,74,"ALB",437,1627,"150.222J-37",150.222,2.14285714285714,117.658376612357,"A","A"
"257",16,7.66126013156717,2024-01-03,74,"ALB",437,1627,"150.222J-37",150.222,2.28571428571429,3.35180130756064,"A","A"
"258",23,179.536743663184,2024-01-26,74,"ALB",437,1627,"150.222J-37",150.222,3.28571428571429,54.6416176366211,"A","A"
"259",14,198.805447646438,2024-02-09,74,"ALB",437,1627,"150.222J-37",150.222,2,99.4027238232191,"A","A"
"260",14,36.990851147084,2024-02-23,74,"ALB",437,1627,"150.222J-37",150.222,2,18.495425573542,"A","A"
"261",14,20.662264995847,2024-03-08,74,"ALB",437,1627,"150.222J-37",150.222,2,10.3311324979235,"A","A"
"262",21,244.463800742951,2024-03-29,74,"ALB",437,1627,"150.222J-37",150.222,3,81.4879335809837,"A","A"
"263",22,362.709788936452,2024-04-20,74,"ALB",437,1627,"150.222J-37",150.222,3.14285714285714,115.407660116144,"A","A"
"264",18,2632.64602362597,2023-04-30,75,"LMB",450,1641,"150.132L-90",150.132,2.57142857142857,1023.80678696566,"A","A"
"265",8,3196.76411815585,2023-05-08,75,"LMB",450,1641,"150.132L-90",150.132,1.14285714285714,2797.16860338637,"A","A"
"266",16,2482.48436441753,2023-05-24,75,"LMB",450,1641,"150.132L-90",150.132,2.28571428571429,1086.08690943267,"A","A"
"267",12,188.410405046007,2023-06-05,75,"LMB",450,1641,"150.132L-90",150.132,1.71428571428571,109.906069610171,"A","A"
"268",17,394.830767828478,2023-06-22,75,"LMB",450,1641,"150.132L-90",150.132,2.42857142857143,162.577374988197,"A","A"
"269",14,252.254167281217,2023-07-06,75,"LMB",450,1641,"150.132L-90",150.132,2,126.127083640609,"A","A"
"270",11,563.986949065488,2023-07-17,75,"LMB",450,1641,"150.132L-90",150.132,1.57142857142857,358.900785768947,"A","A"
"271",17,19.7753604986784,2023-08-03,75,"LMB",450,1641,"150.132L-90",150.132,2.42857142857143,8.14279549945581,"A","A"
"272",23,265.878696607893,2023-08-26,75,"LMB",450,1641,"150.132L-90",150.132,3.28571428571429,80.9196033154458,"A","A"
"273",15,664.160251689646,2023-09-10,75,"LMB",450,1641,"150.132L-90",150.132,2.14285714285714,309.941450788501,"A","A"
"274",14,482.599213629173,2023-09-24,75,"LMB",450,1641,"150.132L-90",150.132,2,241.299606814587,"A","A"
"275",14,1041.78082220321,2023-10-08,75,"LMB",450,1641,"150.132L-90",150.132,2,520.890411101604,"A","A"
"276",14,533.51546307534,2023-10-22,75,"LMB",450,1641,"150.132L-90",150.132,2,266.75773153767,"A","A"
"277",13,2200.2042245274,2023-11-04,75,"LMB",450,1641,"150.132L-90",150.132,1.85714285714286,1184.7253516686,"A","A"
"278",12,3185.44478424989,2023-11-16,75,"LMB",450,1641,"150.132L-90",150.132,1.71428571428571,1858.17612414577,"A","A"
"279",32,25.6667692934478,2023-12-18,75,"LMB",450,1641,"150.132L-90",150.132,4.57142857142857,5.6146057829417,"A","A"
"280",16,963.571308110882,2024-01-03,75,"LMB",450,1641,"150.132L-90",150.132,2.28571428571429,421.562447298511,"A","A"
"281",24,1133.68763316912,2024-01-27,75,"LMB",450,1641,"150.132L-90",150.132,3.42857142857143,330.658893007661,"A","A"
"282",13,3560.72547342985,2024-02-09,75,"LMB",450,1641,"150.132L-90",150.132,1.85714285714286,1917.31371646223,"A","A"
"283",14,153.226103940315,2024-02-23,75,"LMB",450,1641,"150.132L-90",150.132,2,76.6130519701577,"A","A"
"284",14,362.401645453661,2024-03-08,75,"LMB",450,1641,"150.132L-90",150.132,2,181.20082272683,"A","A"
"285",21,586.28243538887,2024-03-29,75,"LMB",450,1641,"150.132L-90",150.132,3,195.427478462957,"A","A"
"286",22,2618.21833313382,2024-04-20,75,"LMB",450,1641,"150.132L-90",150.132,3.14285714285714,833.069469633487,"A","A"
"287",18,690.591018276925,2023-05-01,33,"LMB",411,1707,"150.132I-15",150.132,2.57142857142857,268.56317377436,"A","A"
"288",8,7.10278155635733,2023-05-09,33,"LMB",411,1707,"150.132I-15",150.132,1.14285714285714,6.21493386181266,"A","A"
"289",16,28.4111362372304,2023-05-25,33,"LMB",411,1707,"150.132I-15",150.132,2.28571428571429,12.4298721037883,"A","A"
"290",12,32.3959171779731,2023-06-06,33,"LMB",411,1707,"150.132I-15",150.132,1.71428571428571,18.8976183538176,"A","A"
"291",17,82.2420230145543,2023-08-04,178,"LMB",420,1745,"150.132I-12",150.132,2.42857142857143,33.8643624177577,"A","A"
"292",23,165.986630676568,2023-08-27,178,"LMB",420,1745,"150.132I-12",150.132,3.28571428571429,50.517670205912,"A","A"
"293",15,11.0907758012583,2023-09-11,178,"LMB",420,1745,"150.132I-12",150.132,2.14285714285714,5.17569537392054,"A","A"
"294",14,100.836190709119,2023-09-25,178,"LMB",420,1745,"150.132I-12",150.132,2,50.4180953545594,"A","A"
"295",14,63.0674783948142,2023-10-09,178,"LMB",420,1745,"150.132I-12",150.132,2,31.5337391974071,"A","A"
"296",14,538.854402659862,2023-10-23,178,"LMB",420,1745,"150.132I-12",150.132,2,269.427201329931,"A","A"
"297",18,30728.4819039899,2023-04-30,123,"ALB",425,1757,"150.222I-22",150.222,2.57142857142857,11949.965184885,"A","A"
"298",9,394.06154318642,2023-05-09,123,"ALB",425,1757,"150.222I-22",150.222,1.28571428571429,306.492311367215,"A","A"
"299",16,3224.95755199025,2023-05-25,123,"ALB",425,1757,"150.222I-22",150.222,2.28571428571429,1410.91892899574,"A","A"
"300",12,Inf,2023-06-06,123,"ALB",425,1757,"150.222I-22",150.222,1.71428571428571,Inf,"A","A"
"301",15,Inf,2023-06-21,123,"ALB",425,1757,"150.222I-22",150.222,2.14285714285714,Inf,"A","A"
"302",16,28.7537065953365,2023-07-07,123,"ALB",425,1757,"150.222I-22",150.222,2.28571428571429,12.5797466354597,"A","A"
"303",11,6.65535693779665,2023-07-18,123,"ALB",425,1757,"150.222I-22",150.222,1.57142857142857,4.23522714223423,"D","A"
"304",18,472.304295344312,2023-05-01,10,"LMB",445,1783,"150.132I-2",150.132,2.57142857142857,183.673892633899,"A","A"
"305",8,7.65839492770569,2023-05-09,10,"LMB",445,1783,"150.132I-2",150.132,1.14285714285714,6.70109556174248,"A","A"
"306",16,373.619001319901,2023-05-25,10,"LMB",445,1783,"150.132I-2",150.132,2.28571428571429,163.458313077457,"A","A"
"307",12,617.636602477481,2023-06-06,10,"LMB",445,1783,"150.132I-2",150.132,1.71428571428571,360.288018111864,"A","A"
"308",15,352.556852957353,2023-06-21,10,"LMB",445,1783,"150.132I-2",150.132,2.14285714285714,164.526531380098,"A","A"
"309",16,19.6474637429357,2023-07-07,10,"LMB",445,1783,"150.132I-2",150.132,2.28571428571429,8.59576538753435,"A","A"
"310",27,411.276515672934,2023-08-03,10,"LMB",445,1783,"150.132I-2",150.132,3.85714285714286,106.627244804094,"A","A"
"311",24,490.360283101492,2023-08-27,10,"LMB",445,1783,"150.132I-2",150.132,3.42857142857143,143.021749237935,"A","A"
"312",15,106.214108567117,2023-09-11,10,"LMB",445,1783,"150.132I-2",150.132,2.14285714285714,49.5665839979878,"A","A"
"313",14,158.820067800511,2023-09-25,10,"LMB",445,1783,"150.132I-2",150.132,2,79.4100339002556,"A","A"
"314",14,14.3137444658056,2023-10-09,10,"LMB",445,1783,"150.132I-2",150.132,2,7.15687223290279,"A","A"
"315",14,44.9473416942231,2023-10-23,10,"LMB",445,1783,"150.132I-2",150.132,2,22.4736708471115,"A","A"
"316",11,138.853944919743,2023-11-03,10,"LMB",445,1783,"150.132I-2",150.132,1.57142857142857,88.361601312564,"A","A"
"317",14,41.619564921727,2023-11-17,10,"LMB",445,1783,"150.132I-2",150.132,2,20.8097824608635,"A","A"
"318",17,782.658572834355,2023-12-04,10,"LMB",445,1783,"150.132I-2",150.132,2.42857142857143,322.27117704944,"A","A"
"319",15,933.914656990785,2023-12-19,10,"LMB",445,1783,"150.132I-2",150.132,2.14285714285714,435.826839929033,"A","A"
"320",16,130.558158442085,2024-01-04,10,"LMB",445,1783,"150.132I-2",150.132,2.28571428571429,57.1191943184122,"A","A"
"321",22,347.811945811984,2024-01-26,10,"LMB",445,1783,"150.132I-2",150.132,3.14285714285714,110.667437303813,"A","A"
"322",15,577.515270943078,2024-02-10,10,"LMB",445,1783,"150.132I-2",150.132,2.14285714285714,269.507126440103,"A","A"
"323",14,217.667583329829,2024-02-24,10,"LMB",445,1783,"150.132I-2",150.132,2,108.833791664914,"A","A"
"324",34,91.8108257742805,2024-03-29,10,"LMB",445,1783,"150.132I-2",150.132,4.85714285714286,18.9022288358813,"A","A"
"325",22,22.9751829020661,2024-04-20,10,"LMB",445,1783,"150.132I-2",150.132,3.14285714285714,7.31028546883921,"A","A"
"326",25,448.340223359398,2023-05-08,66,"LMB",449,1784,"150.333L-95",150.333,3.57142857142857,125.535262540631,"A","A"
"327",16,39.3086275467256,2023-05-24,66,"LMB",449,1784,"150.333L-95",150.333,2.28571428571429,17.1975245516925,"A","A"
"328",12,506.537100766882,2023-06-05,66,"LMB",449,1784,"150.333L-95",150.333,1.71428571428571,295.479975447348,"A","A"
"329",17,68.9898586836485,2023-06-22,66,"LMB",449,1784,"150.333L-95",150.333,2.42857142857143,28.4075888697376,"A","A"
"330",14,261.909637211077,2023-07-06,66,"LMB",449,1784,"150.333L-95",150.333,2,130.954818605539,"A","A"
"331",11,129.849040778276,2023-07-17,66,"LMB",449,1784,"150.333L-95",150.333,1.57142857142857,82.6312077679938,"A","A"
"332",18,408.585957009524,2023-08-04,66,"LMB",449,1784,"150.333L-95",150.333,2.57142857142857,158.894538837037,"A","A"
"333",22,423.537860172825,2023-08-26,66,"LMB",449,1784,"150.333L-95",150.333,3.14285714285714,134.762046418626,"A","A"
"334",15,133.901438175711,2023-09-10,66,"LMB",449,1784,"150.333L-95",150.333,2.14285714285714,62.4873378153316,"A","A"
"335",14,2410.72315372782,2023-09-24,66,"LMB",449,1784,"150.333L-95",150.333,2,1205.36157686391,"A","A"
"336",14,2764.07521203969,2023-10-08,66,"LMB",449,1784,"150.333L-95",150.333,2,1382.03760601985,"A","A"
"337",15,210.236901417796,2023-10-23,66,"LMB",449,1784,"150.333L-95",150.333,2.14285714285714,98.1105539949717,"A","A"
"338",11,2370.48702765628,2023-11-03,66,"LMB",449,1784,"150.333L-95",150.333,1.57142857142857,1508.49174487218,"A","A"
"339",30,119.320547328569,2023-12-03,66,"LMB",449,1784,"150.333L-95",150.333,4.28571428571429,27.8414610433329,"A","A"
"340",15,0,2023-12-18,66,"LMB",449,1784,"150.333L-95",150.333,2.14285714285714,0,"D","A"
"341",18,32.9583332761635,2023-05-01,10,"ALB",387,1786,"150.222L-96",150.222,2.57142857142857,12.8171296073969,"A","A"
"342",8,197.064849577331,2023-05-09,10,"ALB",387,1786,"150.222L-96",150.222,1.14285714285714,172.431743380165,"A","A"
"343",16,68.2410785786364,2023-05-25,10,"ALB",387,1786,"150.222L-96",150.222,2.28571428571429,29.8554718781534,"A","A"
"344",12,4.33075001637193,2023-06-06,10,"ALB",387,1786,"150.222L-96",150.222,1.71428571428571,2.52627084288363,"A","A"
"345",15,1151.02623061391,2023-06-21,10,"ALB",387,1786,"150.222L-96",150.222,2.14285714285714,537.145574286491,"A","A"
"346",16,1280.53441736248,2023-07-07,10,"ALB",387,1786,"150.222L-96",150.222,2.28571428571429,560.233807596086,"A","A"
"347",11,137.166373572136,2023-07-18,10,"ALB",387,1786,"150.222L-96",150.222,1.57142857142857,87.2876922731776,"A","A"
"348",16,4.33070602180459,2023-08-03,10,"ALB",387,1786,"150.222L-96",150.222,2.28571428571429,1.89468388453951,"A","A"
"349",24,27.3058407477087,2023-08-27,10,"ALB",387,1786,"150.222L-96",150.222,3.42857142857143,7.96420355141505,"A","A"
"350",15,102.886670627644,2023-09-11,10,"ALB",387,1786,"150.222L-96",150.222,2.14285714285714,48.013779626234,"A","A"
"351",14,10.9860678014297,2023-09-25,10,"ALB",387,1786,"150.222L-96",150.222,2,5.49303390071484,"A","A"
"352",14,15.3167939873379,2023-10-09,10,"ALB",387,1786,"150.222L-96",150.222,2,7.65839699366897,"A","A"
"353",14,5.54321038527145,2023-10-23,10,"ALB",387,1786,"150.222L-96",150.222,2,2.77160519263572,"A","A"
"354",11,240.690521206374,2023-11-03,10,"ALB",387,1786,"150.222L-96",150.222,1.57142857142857,153.166695313147,"A","A"
"355",14,21.9722112895452,2023-11-17,10,"ALB",387,1786,"150.222L-96",150.222,2,10.9861056447726,"A","A"
"356",17,226.05845966036,2023-12-04,10,"ALB",387,1786,"150.222L-96",150.222,2.42857142857143,93.0828951542659,"A","A"
"357",15,161.192790186582,2023-12-19,10,"ALB",387,1786,"150.222L-96",150.222,2.14285714285714,75.2233020870718,"A","A"
"358",16,28.3091320946326,2024-01-04,10,"ALB",387,1786,"150.222L-96",150.222,2.28571428571429,12.3852452914018,"A","A"
"359",22,10.986100776577,2024-01-26,10,"ALB",387,1786,"150.222L-96",150.222,3.14285714285714,3.49557751981997,"A","A"
"360",15,70.8841561032655,2024-02-10,10,"ALB",387,1786,"150.222L-96",150.222,2.14285714285714,33.0792728481906,"A","A"
"361",14,11.9892223664757,2024-02-24,10,"ALB",387,1786,"150.222L-96",150.222,2,5.99461118323786,"A","A"
"362",34,17.6414518769236,2024-03-29,10,"ALB",387,1786,"150.222L-96",150.222,4.85714285714286,3.63206362171957,"A","A"
"363",22,596.04061178858,2024-04-20,10,"ALB",387,1786,"150.222L-96",150.222,3.14285714285714,189.649285569094,"A","A"
"364",26,48.9564996910013,2023-05-09,207,"ALB",446,1800,"150.132J-40",150.132,3.71428571428571,13.1805960706542,"A","A"
"365",16,7.65806180251564,2023-05-25,207,"ALB",446,1800,"150.132J-40",150.132,2.28571428571429,3.35040203860059,"A","A"
"366",12,12.9911463625926,2023-06-06,207,"ALB",446,1800,"150.132J-40",150.132,1.71428571428571,7.57816871151233,"D","A"
"367",17,59.8307070621654,2023-06-22,137,"ALB",455,2142,"150.222I-6",150.222,2.42857142857143,24.6361734961858,"A","A"
"368",17,317.009194271568,2023-06-22,122,"ALB",430,2143,"150.333I-5",150.333,2.42857142857143,130.533197641234,"A","A"
"369",14,371.648748550706,2023-07-06,122,"ALB",430,2143,"150.333I-5",150.333,2,185.824374275353,"A","A"
"370",11,11.4429246666342,2023-07-17,122,"ALB",430,2143,"150.333I-5",150.333,1.57142857142857,7.28186115149452,"A","A"
"371",18,2112.00412221517,2023-08-04,122,"ALB",430,2143,"150.333I-5",150.333,2.57142857142857,821.33493641701,"D","A"
"372",18,1039.69961115413,2023-04-30,70,"LMB",424,2394,"150.333J-40",150.333,2.57142857142857,404.327626559939,"A","A"
"373",8,35.2136443626706,2023-05-08,70,"LMB",424,2394,"150.333J-40",150.333,1.14285714285714,30.8119388173368,"A","A"
"374",16,391.276232902179,2023-05-24,70,"LMB",424,2394,"150.333J-40",150.333,2.28571428571429,171.183351894703,"A","A"
"375",12,60.9817109902702,2023-06-05,70,"LMB",424,2394,"150.333J-40",150.333,1.71428571428571,35.5726647443243,"A","A"
"376",17,5469.20608689051,2023-06-22,70,"LMB",424,2394,"150.333J-40",150.333,2.42857142857143,2252.02603577845,"A","A"
"377",14,250.097908023265,2023-07-06,70,"LMB",424,2394,"150.333J-40",150.333,2,125.048954011633,"A","A"
"378",11,1716.99892119158,2023-07-17,70,"LMB",424,2394,"150.333J-40",150.333,1.57142857142857,1092.63567712192,"A","A"
"379",17,6650.39029585811,2023-08-03,70,"LMB",424,2394,"150.333J-40",150.333,2.42857142857143,2738.39600417687,"A","A"
"380",23,4.33396216407717,2023-08-26,70,"LMB",424,2394,"150.333J-40",150.333,3.28571428571429,1.31903196298001,"A","A"
"381",15,11.4446847543047,2023-09-10,70,"LMB",424,2394,"150.333J-40",150.333,2.14285714285714,5.34085288534221,"D","A"
"382",18,267.361664046131,2023-04-30,128,"ALB",494,2395,"150.222L-88",150.222,2.57142857142857,103.973980462384,"A","A"
"383",8,121.027746509323,2023-05-08,128,"ALB",494,2395,"150.222L-88",150.222,1.14285714285714,105.899278195658,"A","A"
"384",16,1021.68304332022,2023-05-24,128,"ALB",494,2395,"150.222L-88",150.222,2.28571428571429,446.986331452596,"D","A"
"385",18,131.379996517262,2023-04-30,128,"LMB",454,2397,"150.132I-16",150.132,2.57142857142857,51.0922208678241,"A","A"
"386",8,1579.97879572873,2023-05-08,128,"LMB",454,2397,"150.132I-16",150.132,1.14285714285714,1382.48144626264,"A","A"
"387",16,1584.65060973738,2023-05-24,128,"LMB",454,2397,"150.132I-16",150.132,2.28571428571429,693.284641760102,"A","A"
"388",12,22.547813140648,2023-06-05,128,"LMB",454,2397,"150.132I-16",150.132,1.71428571428571,13.1528909987113,"A","A"
"389",17,24.2991350697487,2023-06-22,128,"LMB",454,2397,"150.132I-16",150.132,2.42857142857143,10.0055262051906,"A","A"
"390",14,5.55226045388908,2023-07-06,128,"LMB",454,2397,"150.132I-16",150.132,2,2.77613022694454,"A","A"
"391",11,80.1028842894356,2023-07-17,128,"LMB",454,2397,"150.132I-16",150.132,1.57142857142857,50.9745627296408,"A","A"
"392",17,64.8673633925221,2023-08-03,128,"LMB",454,2397,"150.132I-16",150.132,2.42857142857143,26.7100908086856,"A","A"
"393",23,49.7678940679933,2023-08-26,128,"LMB",454,2397,"150.132I-16",150.132,3.28571428571429,15.1467503685197,"A","A"
"394",15,18.214222115003,2023-09-10,128,"LMB",454,2397,"150.132I-16",150.132,2.14285714285714,8.49997032033471,"A","A"
"395",14,67.6433920826532,2023-09-24,128,"LMB",454,2397,"150.132I-16",150.132,2,33.8216960413266,"A","A"
"396",15,30984.6123945705,2023-10-09,128,"LMB",454,2397,"150.132I-16",150.132,2.14285714285714,14459.4857841329,"A","A"
"397",14,163.34057543676,2023-10-23,128,"LMB",454,2397,"150.132I-16",150.132,2,81.6702877183799,"A","A"
"398",11,733.637478705579,2023-11-03,128,"LMB",454,2397,"150.132I-16",150.132,1.57142857142857,466.860213721732,"A","A"
"399",13,2675.27027175425,2023-11-16,128,"LMB",454,2397,"150.132I-16",150.132,1.85714285714286,1440.53014632921,"A","A"
"400",33,84.7256879805633,2023-12-19,128,"LMB",454,2397,"150.132I-16",150.132,4.71428571428571,17.9721156322407,"D","A"
"401",16,475.612716560165,2023-05-24,124,"LMB",512,2399,"150.222L-87",150.222,2.28571428571429,208.080563495072,"A","A"
"402",12,424.625788251239,2023-06-05,124,"LMB",512,2399,"150.222L-87",150.222,1.71428571428571,247.698376479889,"A","A"
"403",17,41.7784548463304,2023-06-22,124,"LMB",512,2399,"150.222L-87",150.222,2.42857142857143,17.2028931720184,"A","A"
"404",94,73.6711317835938,2023-09-24,124,"LMB",512,2399,"150.222L-87",150.222,13.4285714285714,5.48614811154422,"A","A"
"405",14,2126.98193390084,2023-10-08,124,"LMB",512,2399,"150.222L-87",150.222,2,1063.49096695042,"A","A"
"406",14,1639.2862794054,2023-10-22,124,"LMB",512,2399,"150.222L-87",150.222,2,819.643139702698,"A","A"
"407",12,380.4669327908,2023-11-03,124,"LMB",512,2399,"150.222L-87",150.222,1.71428571428571,221.939044127967,"A","A"
"408",30,1276.50677679628,2023-12-03,124,"LMB",512,2399,"150.222L-87",150.222,4.28571428571429,297.851581252466,"A","A"
"409",15,3432.1408948451,2023-12-18,124,"LMB",512,2399,"150.222L-87",150.222,2.14285714285714,1601.66575092771,"A","A"
"410",16,504.188048474282,2024-01-03,124,"LMB",512,2399,"150.222L-87",150.222,2.28571428571429,220.582271207498,"A","A"
"411",23,943.985337442246,2024-01-26,124,"LMB",512,2399,"150.222L-87",150.222,3.28571428571429,287.29988530851,"A","A"
"412",14,291.778642302736,2024-02-09,124,"LMB",512,2399,"150.222L-87",150.222,2,145.889321151368,"A","A"
"413",14,230.842926597886,2024-02-23,124,"LMB",512,2399,"150.222L-87",150.222,2,115.421463298943,"A","A"
"414",14,56.2595962110493,2024-03-08,124,"LMB",512,2399,"150.222L-87",150.222,2,28.1297981055246,"A","A"
"415",21,140.775791595188,2024-03-29,124,"LMB",512,2399,"150.222L-87",150.222,3,46.9252638650628,"A","A"
"416",22,1698.2252578652,2024-04-20,124,"LMB",512,2399,"150.222L-87",150.222,3.14285714285714,540.344400229836,"A","A"
"417",18,107.188256689929,2023-05-01,21,"LMB",491,2404,"150.333I-1",150.333,2.57142857142857,41.6843220460835,"A","A"
"418",8,3.32768015050674,2023-05-09,21,"LMB",491,2404,"150.333I-1",150.333,1.14285714285714,2.9117201316934,"A","A"
"419",16,86.5972138606954,2023-05-25,21,"LMB",491,2404,"150.333I-1",150.333,2.28571428571429,37.8862810640542,"A","A"
"420",12,40.7014040181847,2023-06-06,21,"LMB",491,2404,"150.333I-1",150.333,1.71428571428571,23.7424856772744,"A","A"
"421",15,96.4696867640034,2023-06-21,21,"LMB",491,2404,"150.333I-1",150.333,2.14285714285714,45.0191871565349,"A","A"
"422",16,7.65804871311227,2023-07-07,21,"LMB",491,2404,"150.333I-1",150.333,2.28571428571429,3.35039631198662,"A","A"
"423",11,411.562764510815,2023-07-18,21,"LMB",491,2404,"150.333I-1",150.333,1.57142857142857,261.903577415974,"A","A"
"424",16,137.338490020745,2023-08-03,21,"LMB",491,2404,"150.333I-1",150.333,2.28571428571429,60.085589384076,"D","A"
"425",18,Inf,2023-05-01,31,"ALB",390,2407,"150.222L-97",150.222,2.57142857142857,Inf,"A","A"
"426",8,Inf,2023-05-09,31,"ALB",390,2407,"150.222L-97",150.222,1.14285714285714,Inf,"A","A"
"427",16,195.720295990787,2023-05-25,31,"ALB",390,2407,"150.222L-97",150.222,2.28571428571429,85.6276294959693,"A","A"
"428",12,135.475990446617,2023-06-06,31,"ALB",390,2407,"150.222L-97",150.222,1.71428571428571,79.0276610938598,"A","A"
"429",15,8.31318136993093,2023-06-21,31,"ALB",390,2407,"150.222L-97",150.222,2.14285714285714,3.8794846393011,"A","A"
"430",16,4.33038456592641,2023-07-07,31,"ALB",390,2407,"150.222L-97",150.222,2.28571428571429,1.8945432475928,"A","A"
"431",17,1254.07082610129,2023-04-29,88,"ALB",405,2413,"150.222I-0",150.222,2.42857142857143,516.382104865236,"A","A"
"432",9,10.989991072365,2023-05-08,88,"ALB",405,2413,"150.222I-0",150.222,1.28571428571429,8.54777083406164,"A","A"
"433",16,140.823472273541,2023-05-24,88,"ALB",405,2413,"150.222I-0",150.222,2.28571428571429,61.6102691196743,"A","A"
"434",12,133.710402208535,2023-06-05,88,"ALB",405,2413,"150.222I-0",150.222,1.71428571428571,77.9977346216452,"A","A"
"435",31,223.953810654859,2023-07-06,88,"ALB",405,2413,"150.222I-0",150.222,4.42857142857143,50.5702153091617,"A","A"
"436",11,390.081859349824,2023-07-17,88,"ALB",405,2413,"150.222I-0",150.222,1.57142857142857,248.233910495343,"A","A"
"437",17,7.66240776752957,2023-08-03,88,"ALB",405,2413,"150.222I-0",150.222,2.42857142857143,3.15510908074747,"A","A"
"438",23,6.65512171327336,2023-08-26,88,"ALB",405,2413,"150.222I-0",150.222,3.28571428571429,2.02547182577885,"A","A"
"439",15,47.9890448452678,2023-09-10,88,"ALB",405,2413,"150.222I-0",150.222,2.14285714285714,22.3948875944583,"A","A"
"440",14,53.6368661326679,2023-09-24,88,"ALB",405,2413,"150.222I-0",150.222,2,26.8184330663339,"A","A"
"441",14,491.660617815415,2023-10-08,88,"ALB",405,2413,"150.222I-0",150.222,2,245.830308907708,"A","A"
"442",14,457.377903799868,2023-10-22,88,"ALB",405,2413,"150.222I-0",150.222,2,228.688951899934,"A","A"
"443",13,32.4518253008179,2023-11-04,88,"ALB",405,2413,"150.222I-0",150.222,1.85714285714286,17.4740597773635,"A","A"
"444",12,56.0178816246139,2023-11-16,88,"ALB",405,2413,"150.222I-0",150.222,1.71428571428571,32.6770976143581,"A","A"
"445",17,33.977199873551,2023-12-03,88,"ALB",405,2413,"150.222I-0",150.222,2.42857142857143,13.9906117126387,"A","A"
"446",15,11.4478894420563,2023-12-18,88,"ALB",405,2413,"150.222I-0",150.222,2.14285714285714,5.34234840629295,"A","A"
"447",16,104.922996993603,2024-01-03,88,"ALB",405,2413,"150.222I-0",150.222,2.28571428571429,45.9038111847012,"A","A"
"448",24,11.9972925128841,2024-01-27,88,"ALB",405,2413,"150.222I-0",150.222,3.42857142857143,3.49921031625786,"A","A"
"449",13,85.9955337978977,2024-02-09,88,"ALB",405,2413,"150.222I-0",150.222,1.85714285714286,46.3052874296372,"A","A"
"450",14,42.0078742608751,2024-02-23,88,"ALB",405,2413,"150.222I-0",150.222,2,21.0039371304376,"A","A"
"451",14,95.6725756630566,2024-03-08,88,"ALB",405,2413,"150.222I-0",150.222,2,47.8362878315283,"A","A"
"452",43,1274.03249496571,2024-04-20,88,"ALB",405,2413,"150.222I-0",150.222,6.14285714285714,207.400638715348,"A","A"
"453",17,Inf,2023-04-29,91,"LMB",389,2414,"150.132I-23",150.132,2.42857142857143,Inf,"A","A"
"454",9,189.406405597809,2023-05-08,91,"LMB",389,2414,"150.132I-23",150.132,1.28571428571429,147.316093242741,"A","A"
"455",16,321.233513929787,2023-05-24,91,"LMB",389,2414,"150.132I-23",150.132,2.28571428571429,140.539662344282,"A","A"
"456",12,18.562295875872,2023-06-05,91,"LMB",389,2414,"150.132I-23",150.132,1.71428571428571,10.828005927592,"A","A"
"457",16,31.5674950663854,2023-06-21,91,"LMB",389,2414,"150.132I-23",150.132,2.28571428571429,13.8107790915436,"A","A"
"458",15,22.897346609576,2023-07-06,91,"LMB",389,2414,"150.132I-23",150.132,2.14285714285714,10.6854284178022,"A","A"
"459",11,19.6603241600701,2023-07-17,91,"LMB",389,2414,"150.132I-23",150.132,1.57142857142857,12.5111153745901,"A","A"
"460",17,42.3432145989611,2023-08-03,91,"LMB",389,2414,"150.132I-23",150.132,2.42857142857143,17.4354413054546,"A","A"
"461",23,8.67015210873342,2023-08-26,91,"LMB",389,2414,"150.132I-23",150.132,3.28571428571429,2.63874194613626,"A","A"
"462",15,11.9977068482867,2023-09-10,91,"LMB",389,2414,"150.132I-23",150.132,2.14285714285714,5.59892986253378,"A","A"
"463",14,50.4643406983938,2023-09-24,91,"LMB",389,2414,"150.132I-23",150.132,2,25.2321703491969,"A","A"
"464",14,54.1302768081295,2023-10-08,91,"LMB",389,2414,"150.132I-23",150.132,2,27.0651384040647,"A","A"
"465",14,19.9653283868411,2023-10-22,91,"LMB",389,2414,"150.132I-23",150.132,2,9.98266419342053,"A","A"
"466",13,183.732343690989,2023-11-04,91,"LMB",389,2414,"150.132I-23",150.132,1.85714285714286,98.9328004489943,"A","A"
"467",12,194.293470309265,2023-11-16,91,"LMB",389,2414,"150.132I-23",150.132,1.71428571428571,113.337857680404,"A","A"
"468",17,2.77853624988735,2023-12-03,91,"LMB",389,2414,"150.132I-23",150.132,2.42857142857143,1.14410316171832,"A","A"
"469",15,13.0052254245111,2023-12-18,91,"LMB",389,2414,"150.132I-23",150.132,2.14285714285714,6.06910519810518,"A","A"
"470",16,84.475915295347,2024-01-03,91,"LMB",389,2414,"150.132I-23",150.132,2.28571428571429,36.9582129417143,"A","A"
"471",24,2.77854787715183,2024-01-27,91,"LMB",389,2414,"150.132I-23",150.132,3.42857142857143,0.810409797502617,"A","A"
"472",13,65.9136377169442,2024-02-09,91,"LMB",389,2414,"150.132I-23",150.132,1.85714285714286,35.4919587706623,"A","A"
"473",14,19.7842881416166,2024-02-23,91,"LMB",389,2414,"150.132I-23",150.132,2,9.89214407080832,"A","A"
"474",14,11.1141372501906,2024-03-08,91,"LMB",389,2414,"150.132I-23",150.132,2,5.55706862509532,"A","A"
"475",21,13.0052272504719,2024-03-29,91,"LMB",389,2414,"150.132I-23",150.132,3,4.33507575015729,"A","A"
"476",22,439.721757918722,2024-04-20,91,"LMB",389,2414,"150.132I-23",150.132,3.14285714285714,139.911468428684,"A","A"
"477",16,2.77820389508386,2023-05-24,88,"LMB",378,2415,"150.132I-22",150.132,2.28571428571429,1.21546420409919,"A","A"
"478",12,3.32756031428796,2023-06-05,88,"LMB",378,2415,"150.132I-22",150.132,1.71428571428571,1.94107685000131,"A","A"
"479",16,4.33486822034954,2023-06-21,88,"LMB",378,2415,"150.132I-22",150.132,2.28571428571429,1.89650484640292,"D","A"
"480",9,4.33477874618643,2023-05-08,88,"LMB",352,2416,"150.333I-21",150.333,1.28571428571429,3.37149458036722,"D","A"
"481",16,4740.46784512081,2023-05-24,88,"ALB",490,2417,"150.222I-26",150.222,2.28571428571429,2073.95468224035,"D","A"
"482",14,4.33412358048821,2023-07-06,74,"ALB",477,2424,"150.222L-84",150.222,2,2.1670617902441,"A","A"
"483",11,9.88815921586029,2023-07-17,74,"ALB",477,2424,"150.222L-84",150.222,1.57142857142857,6.29246495554746,"A","A"
"484",17,0,2023-08-03,74,"ALB",477,2424,"150.222L-84",150.222,2.42857142857143,0,"D","A"
"485",26,52.6310132548838,2023-05-08,101,"ALB",489,2432,"150.333I-9",150.333,3.71428571428571,14.1698881840072,"D","A"
"486",18,185.401967757089,2023-05-01,43,"LMB",476,2447,"150.333L-90",150.333,2.57142857142857,72.1007652388681,"A","A"
"487",7,249.361630258491,2023-05-08,43,"LMB",476,2447,"150.333L-90",150.333,1,249.361630258491,"A","A"
"488",17,669.889001424428,2023-05-25,43,"LMB",476,2447,"150.333L-90",150.333,2.42857142857143,275.836647645353,"A","A"
"489",12,476.857207811614,2023-06-06,43,"LMB",476,2447,"150.333L-90",150.333,1.71428571428571,278.166704556775,"A","A"
"490",17,1992.06339940286,2023-04-30,203,"LMB",472,2453,"150.132L-92",150.132,2.42857142857143,820.26139975412,"A","A"
"491",9,47.1078454945753,2023-05-09,203,"LMB",472,2453,"150.132L-92",150.132,1.28571428571429,36.6394353846697,"A","A"
"492",16,25.6346427621566,2023-05-25,203,"LMB",472,2453,"150.132L-92",150.132,2.28571428571429,11.2151562084435,"D","A"
"493",17,1898.87178679782,2023-04-29,95,"ALB",413,4046,"150.132L-86",150.132,2.42857142857143,781.888382799101,"A","A"
"494",9,2157.15347303751,2023-05-08,95,"ALB",413,4046,"150.132L-86",150.132,1.28571428571429,1677.78603458473,"A","A"
"495",16,148.825594895166,2023-05-24,95,"ALB",413,4046,"150.132L-86",150.132,2.28571428571429,65.1111977666351,"A","A"
"496",17,2998.35322713478,2023-04-29,101,"ALB",492,4056,"150.333L-92",150.333,2.42857142857143,1234.61603470256,"A","A"
"497",9,339.453901208538,2023-05-08,101,"ALB",492,4056,"150.333L-92",150.333,1.28571428571429,264.019700939974,"A","A"
"498",28,472.461221799766,2023-06-05,101,"ALB",492,4056,"150.333L-92",150.333,4,118.115305449941,"A","A"
"499",16,687.398714177016,2023-06-21,101,"ALB",492,4056,"150.333L-92",150.333,2.28571428571429,300.736937452444,"A","A"
"500",15,8.66917214995882,2023-07-06,101,"ALB",492,4056,"150.333L-92",150.333,2.14285714285714,4.04561366998078,"A","A"
"501",11,9.98270355350798,2023-07-17,101,"ALB",492,4056,"150.333L-92",150.333,1.57142857142857,6.35262953405053,"A","A"
"502",17,1072.12681898339,2023-08-03,101,"ALB",492,4056,"150.333L-92",150.333,2.42857142857143,441.46398428728,"D","A"
"503",18,28.7847519162308,2023-04-30,101,"ALB",370,4060,"150.222L-89",150.222,2.57142857142857,11.1940701896453,"A","A"
"504",8,30.6483284542004,2023-05-08,101,"ALB",370,4060,"150.222L-89",150.222,1.14285714285714,26.8172873974253,"A","A"
"505",26,48.2926224073262,2023-05-08,76,"ALB",498,4139,"150.333I-17",150.333,3.71428571428571,13.0018598788955,"D","A"
"506",19,603.331113884195,2023-05-01,1,"ALB",424,4163,"150.222I-8",150.222,2.71428571428571,222.279884062598,"A","A"
"507",7,129.307017565445,2023-05-08,1,"ALB",424,4163,"150.222I-8",150.222,1,129.307017565445,"A","A"
"508",16,901.643410604136,2023-05-24,1,"ALB",424,4163,"150.222I-8",150.222,2.28571428571429,394.46899213931,"A","A"
"509",13,55.6303585449183,2023-06-06,1,"ALB",424,4163,"150.222I-8",150.222,1.85714285714286,29.9548084472637,"A","A"
"510",16,12.6531016765299,2023-06-22,1,"ALB",424,4163,"150.222I-8",150.222,2.28571428571429,5.53573198348184,"D","A"
"511",16,338.630888916751,2023-05-24,77,"ALB",444,4167,"150.132L-95",150.132,2.28571428571429,148.151013901078,"A","A"
"512",12,382.30275167082,2023-06-05,77,"ALB",444,4167,"150.132L-95",150.132,1.71428571428571,223.009938474645,"A","A"
"513",17,352.988917284199,2023-06-22,77,"ALB",444,4167,"150.132L-95",150.132,2.42857142857143,145.348377705259,"A","A"
"514",14,87.5652031511407,2023-07-06,77,"ALB",444,4167,"150.132L-95",150.132,2,43.7826015755704,"A","A"
"515",11,149.20770071663,2023-07-17,77,"ALB",444,4167,"150.132L-95",150.132,1.57142857142857,94.9503550014918,"A","A"
"516",17,695.409728053046,2023-08-03,77,"ALB",444,4167,"150.132L-95",150.132,2.42857142857143,286.345182139489,"A","A"
"517",23,16.3298294960066,2023-08-26,77,"ALB",444,4167,"150.132L-95",150.132,3.28571428571429,4.96994810748027,"A","A"
"518",15,88.3041644459038,2023-09-10,77,"ALB",444,4167,"150.132L-95",150.132,2.14285714285714,41.2086100747551,"A","A"
"519",14,7.11100054961749,2023-09-24,77,"ALB",444,4167,"150.132L-95",150.132,2,3.55550027480875,"A","A"
"520",14,7.66165092370308,2023-10-08,77,"ALB",444,4167,"150.132L-95",150.132,2,3.83082546185154,"A","A"
"521",14,20.6638674873761,2023-10-22,77,"ALB",444,4167,"150.132L-95",150.132,2,10.331933743688,"A","A"
"522",13,117.636322718577,2023-11-04,77,"ALB",444,4167,"150.132L-95",150.132,1.85714285714286,63.3426353100029,"A","A"
"523",12,141.93580237115,2023-11-16,77,"ALB",444,4167,"150.132L-95",150.132,1.71428571428571,82.7958847165039,"A","A"
"524",17,54.9934725915513,2023-12-03,77,"ALB",444,4167,"150.132L-95",150.132,2.42857142857143,22.6443710671094,"A","A"
"525",15,397.851348449282,2023-12-18,77,"ALB",444,4167,"150.132L-95",150.132,2.14285714285714,185.663962609665,"A","A"
"526",16,86.2920126037816,2024-01-03,77,"ALB",444,4167,"150.132L-95",150.132,2.28571428571429,37.7527555141545,"A","A"
"527",51,311.589868992971,2024-02-23,77,"ALB",444,4167,"150.132L-95",150.132,7.28571428571429,42.7672369206039,"A","A"
"528",14,6.65516140238477,2024-03-08,77,"ALB",444,4167,"150.132L-95",150.132,2,3.32758070119238,"A","A"
"529",21,315.462266985204,2024-03-29,77,"ALB",444,4167,"150.132L-95",150.132,3,105.154088995068,"A","A"
"530",16,6661.99894970648,2023-05-24,136,"ALB",465,4195,"150.132I-4",150.132,2.28571428571429,2914.62454049658,"A","A"
"531",12,872.795932378307,2023-06-05,136,"ALB",465,4195,"150.132I-4",150.132,1.71428571428571,509.130960554012,"A","A"
"532",17,874.398573289712,2023-06-22,136,"ALB",465,4195,"150.132I-4",150.132,2.42857142857143,360.046471354587,"A","A"
"533",14,35.2863709801413,2023-07-06,136,"ALB",465,4195,"150.132I-4",150.132,2,17.6431854900706,"A","A"
"534",11,119.997781229231,2023-07-17,136,"ALB",465,4195,"150.132I-4",150.132,1.57142857142857,76.3622244186013,"A","A"
"535",17,94.149010392562,2023-08-03,136,"ALB",465,4195,"150.132I-4",150.132,2.42857142857143,38.7672395734079,"A","A"
"536",23,2003.534854615,2023-08-26,136,"ALB",465,4195,"150.132I-4",150.132,3.28571428571429,609.771477491521,"A","A"
"537",15,12.9984562174049,2023-09-10,136,"ALB",465,4195,"150.132I-4",150.132,2.14285714285714,6.06594623478894,"A","A"
"538",14,4.33281934955112,2023-09-24,136,"ALB",465,4195,"150.132I-4",150.132,2,2.16640967477556,"D","A"
"539",17,309.779571574771,2023-06-22,74,"ALB",388,4199,"150.132L-97",150.132,2.42857142857143,127.556294177847,"A","A"
"540",14,28.6330251756529,2023-07-06,74,"ALB",388,4199,"150.132L-97",150.132,2,14.3165125878265,"A","A"
"541",11,170.870298102755,2023-07-17,74,"ALB",388,4199,"150.132L-97",150.132,1.57142857142857,108.735644247208,"A","A"
"542",17,174.197888397276,2023-08-03,74,"ALB",388,4199,"150.132L-97",150.132,2.42857142857143,71.7285422812312,"A","A"
"543",23,7.11015235369726,2023-08-26,74,"ALB",388,4199,"150.132L-97",150.132,3.28571428571429,2.16395941199482,"A","A"
"544",15,53.2240127978375,2023-09-10,74,"ALB",388,4199,"150.132L-97",150.132,2.14285714285714,24.8378726389908,"A","A"
"545",14,224.887324897205,2023-09-24,74,"ALB",388,4199,"150.132L-97",150.132,2,112.443662448603,"A","A"
"546",14,162.899211007197,2023-10-08,74,"ALB",388,4199,"150.132L-97",150.132,2,81.4496055035986,"A","A"
"547",14,31.5547877947875,2023-10-22,74,"ALB",388,4199,"150.132L-97",150.132,2,15.7773938973937,"A","A"
"548",13,173.620762445151,2023-11-04,74,"ALB",388,4199,"150.132L-97",150.132,1.85714285714286,93.4881028550816,"A","A"
"549",12,131.841800930774,2023-11-16,74,"ALB",388,4199,"150.132L-97",150.132,1.71428571428571,76.9077172096182,"A","A"
"550",17,110.585574741643,2023-12-03,74,"ALB",388,4199,"150.132L-97",150.132,2.42857142857143,45.5352366583235,"A","A"
"551",15,34.669530811804,2023-12-18,74,"ALB",388,4199,"150.132L-97",150.132,2.14285714285714,16.1791143788419,"A","A"
"552",16,70.5762419962326,2024-01-03,74,"ALB",388,4199,"150.132L-97",150.132,2.28571428571429,30.8771058733517,"A","A"
"553",23,146.570423286205,2024-01-26,74,"ALB",388,4199,"150.132L-97",150.132,3.28571428571429,44.6083896958015,"A","A"
"554",14,77.9280752394287,2024-02-09,74,"ALB",388,4199,"150.132L-97",150.132,2,38.9640376197143,"A","A"
"555",28,99.596255825159,2024-03-08,74,"ALB",388,4199,"150.132L-97",150.132,4,24.8990639562897,"A","A"
"556",21,15.3224947296472,2024-03-29,74,"ALB",388,4199,"150.132L-97",150.132,3,5.10749824321573,"A","A"
"557",22,153.921815040203,2024-04-20,74,"ALB",388,4199,"150.132L-97",150.132,3.14285714285714,48.9751229673374,"A","A"
"558",18,83.9507609281753,2023-04-30,70,"ALB",432,4293,"150.222I-21",150.222,2.57142857142857,32.6475181387349,"A","A"
"559",8,32.430082510776,2023-05-08,70,"ALB",432,4293,"150.222I-21",150.222,1.14285714285714,28.376322196929,"A","A"
"560",16,14.2181025301455,2023-05-24,70,"ALB",432,4293,"150.222I-21",150.222,2.28571428571429,6.22041985693866,"A","A"
"561",12,70.072135553791,2023-06-05,70,"ALB",432,4293,"150.222I-21",150.222,1.71428571428571,40.8754124063781,"A","A"
"562",17,4.33331380459226,2023-06-22,70,"ALB",432,4293,"150.222I-21",150.222,2.42857142857143,1.78430568424387,"A","A"
"563",14,15.4362308135292,2023-07-06,70,"ALB",432,4293,"150.222I-21",150.222,2,7.71811540676462,"A","A"
"564",11,4.33331380459226,2023-07-17,70,"ALB",432,4293,"150.222I-21",150.222,1.57142857142857,2.75756333019508,"A","A"
"565",18,308.801598085222,2023-08-04,70,"ALB",432,4293,"150.222I-21",150.222,2.57142857142857,120.089510366475,"D","A"
"566",18,23.734793298779,2023-05-01,197,"ALB",364,4296,"150.333I-0",150.333,2.57142857142857,9.23019739396962,"A","A"
"567",8,20.9628105098624,2023-05-09,197,"ALB",364,4296,"150.333I-0",150.333,1.14285714285714,18.3424591961296,"D","A"
"568",16,638.49435681294,2023-05-24,59,"LMB",474,4350,"150.132L-96",150.132,2.28571428571429,279.341281105661,"A","A"
"569",12,30.0094318656918,2023-06-05,59,"LMB",474,4350,"150.132L-96",150.132,1.71428571428571,17.5055019216536,"A","A"
"570",16,7.11320403463114,2023-06-21,59,"LMB",474,4350,"150.132L-96",150.132,2.28571428571429,3.11202676515112,"A","A"
"571",15,39.6252101598188,2023-07-06,59,"LMB",474,4350,"150.132L-96",150.132,2.14285714285714,18.4917647412488,"A","A"
"572",11,149.83102678322,2023-07-17,59,"LMB",474,4350,"150.132L-96",150.132,1.57142857142857,95.3470170438675,"A","A"
"573",17,3346.34522968426,2023-08-03,59,"LMB",474,4350,"150.132L-96",150.132,2.42857142857143,1377.90685928175,"A","A"
"574",23,3338.69774507635,2023-08-26,59,"LMB",474,4350,"150.132L-96",150.132,3.28571428571429,1016.12540067541,"A","A"
"575",15,19.9653538613989,2023-09-10,59,"LMB",474,4350,"150.132L-96",150.132,2.14285714285714,9.31716513531951,"A","A"
"576",14,3729.18874926231,2023-09-24,59,"LMB",474,4350,"150.132L-96",150.132,2,1864.59437463115,"A","A"
"577",14,1229.83088693072,2023-10-08,59,"LMB",474,4350,"150.132L-96",150.132,2,614.915443465359,"D","A"
"578",17,103.255764154745,2023-04-29,97,"ALB",360,4355,"150.333I-26",150.333,2.42857142857143,42.5170793578361,"A","A"
"579",9,511.589544918539,2023-05-08,97,"ALB",360,4355,"150.333I-26",150.333,1.28571428571429,397.902979381086,"A","A"
"580",16,41.6402473416207,2023-05-24,97,"ALB",360,4355,"150.333I-26",150.333,2.28571428571429,18.217608211959,"A","A"
"581",12,395.519021042643,2023-06-05,97,"ALB",360,4355,"150.333I-26",150.333,1.71428571428571,230.719428941542,"A","A"
"582",16,801.726787291606,2023-06-21,97,"ALB",360,4355,"150.333I-26",150.333,2.28571428571429,350.755469440078,"A","A"
"583",15,7.66262280637573,2023-07-06,97,"ALB",360,4355,"150.333I-26",150.333,2.14285714285714,3.57589064297534,"D","A"
"584",17,121.408775863258,2023-04-29,101,"ALB",358,4359,"150.222I-3",150.222,2.42857142857143,49.991848884871,"A","A"
"585",9,28.4511162404125,2023-05-08,101,"ALB",358,4359,"150.222I-3",150.222,1.28571428571429,22.1286459647653,"A","A"
"586",16,54.248196166367,2023-05-24,101,"ALB",358,4359,"150.222I-3",150.222,2.28571428571429,23.7335858227855,"A","A"
"587",12,9.98269076349069,2023-06-05,101,"ALB",358,4359,"150.222I-3",150.222,1.71428571428571,5.8232362787029,"A","A"
"588",16,11.9970522794382,2023-06-21,101,"ALB",358,4359,"150.222I-3",150.222,2.28571428571429,5.24871037225421,"A","A"
"589",15,8.66948870713739,2023-07-06,101,"ALB",358,4359,"150.222I-3",150.222,2.14285714285714,4.04576139666412,"A","A"
"590",11,117.164143979208,2023-07-17,101,"ALB",358,4359,"150.222I-3",150.222,1.57142857142857,74.5590007140414,"A","A"
"591",17,182.096149526744,2023-08-03,101,"ALB",358,4359,"150.222I-3",150.222,2.42857142857143,74.9807674521887,"A","A"
"592",23,180.539425542924,2023-08-26,101,"ALB",358,4359,"150.222I-3",150.222,3.28571428571429,54.9467816869768,"A","A"
"593",15,82.2398900914794,2023-09-10,101,"ALB",358,4359,"150.222I-3",150.222,2.14285714285714,38.3786153760237,"A","A"
"594",14,2.77802072376804,2023-09-24,101,"ALB",358,4359,"150.222I-3",150.222,2,1.38901036188402,"A","A"
"595",14,76.6838447683076,2023-10-08,101,"ALB",358,4359,"150.222I-3",150.222,2,38.3419223841538,"A","A"
"596",14,5.55604920012354,2023-10-22,101,"ALB",358,4359,"150.222I-3",150.222,2,2.77802460006177,"A","A"
"597",13,24.1163652463295,2023-11-04,101,"ALB",358,4359,"150.222I-3",150.222,1.85714285714286,12.985735132639,"A","A"
"598",12,67.3425880956908,2023-11-16,101,"ALB",358,4359,"150.222I-3",150.222,1.71428571428571,39.283176389153,"A","A"
"599",17,97.0150254652944,2023-12-03,101,"ALB",358,4359,"150.222I-3",150.222,2.42857142857143,39.9473634268859,"A","A"
"600",15,97.0150254652943,2023-12-18,101,"ALB",358,4359,"150.222I-3",150.222,2.14285714285714,45.2736785504707,"A","A"
"601",16,74.4553650434686,2024-01-03,101,"ALB",358,4359,"150.222I-3",150.222,2.28571428571429,32.5742222065175,"A","A"
"602",24,52.3230803712851,2024-01-27,101,"ALB",358,4359,"150.222I-3",150.222,3.42857142857143,15.2608984416248,"A","A"
"603",13,49.4541544772729,2024-02-09,101,"ALB",358,4359,"150.222I-3",150.222,1.85714285714286,26.6291601031469,"A","A"
"604",14,75.6776770086184,2024-02-23,101,"ALB",358,4359,"150.222I-3",150.222,2,37.8388385043092,"A","A"
"605",14,7.66232067396974,2024-03-08,101,"ALB",358,4359,"150.222I-3",150.222,2,3.83116033698487,"A","A"
"606",21,95.7339359831412,2024-03-29,101,"ALB",358,4359,"150.222I-3",150.222,3,31.9113119943804,"A","A"
"607",22,13.3102543201438,2024-04-20,101,"ALB",358,4359,"150.222I-3",150.222,3.14285714285714,4.23508092004575,"A","A"
"608",16,73.9153426690047,2023-06-21,91,"ALB",400,4474,"150.132I-6",150.132,2.28571428571429,32.3379624176896,"A","A"
"609",15,27.2326795104386,2023-07-06,91,"ALB",400,4474,"150.132I-6",150.132,2.14285714285714,12.708583771538,"A","A"
"610",11,4.33510252409595,2023-07-17,91,"ALB",400,4474,"150.132I-6",150.132,1.57142857142857,2.75870160624288,"A","A"
"611",16,183.810377714514,2023-06-21,91,"ALB",366,4486,"150.132I-24",150.132,2.28571428571429,80.4170402501,"A","A"
"612",15,13.8927732905728,2023-07-06,91,"ALB",366,4486,"150.132I-24",150.132,2.14285714285714,6.48329420226731,"A","A"
"613",11,15.7838118607817,2023-07-17,91,"ALB",366,4486,"150.132I-24",150.132,1.57142857142857,10.0442439114066,"A","A"
"614",17,10.9901950380534,2023-08-03,91,"ALB",366,4486,"150.132I-24",150.132,2.42857142857143,4.52537442743376,"A","A"
"615",23,106.92290104995,2023-08-26,91,"ALB",366,4486,"150.132I-24",150.132,3.28571428571429,32.5417524934631,"A","A"
"616",15,83.6909332141271,2023-09-10,91,"ALB",366,4486,"150.132I-24",150.132,2.14285714285714,39.0557688332593,"A","A"
"617",14,235.185659548437,2023-09-24,91,"ALB",366,4486,"150.132I-24",150.132,2,117.592829774219,"D","A"
"618",26,148.286547359583,2023-05-09,198,"ALB",394,5011,"150.333L-85",150.333,3.71428571428571,39.9233012121954,"A","A"
"619",16,255.642373408344,2023-05-25,198,"ALB",394,5011,"150.333L-85",150.333,2.28571428571429,111.843538366151,"A","A"
"620",54,29.9490057793515,2023-07-18,198,"ALB",394,5011,"150.333L-85",150.333,7.71428571428571,3.88227852695297,"A","A"
"621",17,56.252211778853,2023-08-04,198,"ALB",394,5011,"150.333L-85",150.333,2.42857142857143,23.1626754383512,"A","A"
"622",23,4858.81282773089,2023-08-27,198,"ALB",394,5011,"150.333L-85",150.333,3.28571428571429,1478.76912148331,"A","A"
"623",15,6.65530109251363,2023-09-11,198,"ALB",394,5011,"150.333L-85",150.333,2.14285714285714,3.10580717650636,"A","A"
"624",14,12.6498934533812,2023-09-25,198,"ALB",394,5011,"150.333L-85",150.333,2,6.32494672669061,"D","A"
"625",16,24.450682037539,2023-06-21,101,"ALB",400,5030,"150.222J-41",150.222,2.28571428571429,10.6971733914233,"A","A"
"626",15,57.5756697174819,2023-07-06,101,"ALB",400,5030,"150.222J-41",150.222,2.14285714285714,26.8686458681582,"A","A"
"627",11,15.7815701776587,2023-07-17,101,"ALB",400,5030,"150.222J-41",150.222,1.57142857142857,10.0428173857828,"A","A"
"628",40,101.286160655985,2023-08-26,101,"ALB",400,5030,"150.222J-41",150.222,5.71428571428571,17.7250781147973,"A","A"
"629",57,3073.45971564891,2023-10-22,101,"ALB",400,5030,"150.222J-41",150.222,8.14285714285714,377.442421220042,"D","A"
"630",17,39.6244009533536,2023-04-29,101,"ALB",437,5033,"150.333I-20",150.333,2.42857142857143,16.3159298043221,"A","A"
"631",9,9.98270053923095,2023-05-08,101,"ALB",437,5033,"150.333I-20",150.333,1.28571428571429,7.76432264162407,"A","A"
"632",16,0,2023-05-24,101,"ALB",437,5033,"150.333I-20",150.333,2.28571428571429,0,"A","A"
"633",12,32.9692571605812,2023-06-05,101,"ALB",437,5033,"150.333I-20",150.333,1.71428571428571,19.2320666770057,"A","A"
"634",16,6.65513396836296,2023-06-21,101,"ALB",437,5033,"150.333I-20",150.333,2.28571428571429,2.9116211111588,"A","A"
"635",15,58.9768934000986,2023-07-06,101,"ALB",437,5033,"150.333I-20",150.333,2.14285714285714,27.5225502533794,"A","A"
"636",11,87.6115216631933,2023-07-17,101,"ALB",437,5033,"150.333I-20",150.333,1.57142857142857,55.7527865129412,"A","A"
"637",17,116.246097907951,2023-08-03,101,"ALB",437,5033,"150.333I-20",150.333,2.42857142857143,47.8660403150387,"A","A"
"638",122,197.894000478014,2023-12-03,101,"ALB",437,5033,"150.333I-20",150.333,17.4285714285714,11.3545737979188,"D","A"
"639",17,230.594443873248,2023-04-29,99,"LMB",431,5043,"150.222J-34",150.222,2.42857142857143,94.9506533595726,"A","A"
"640",9,119.692661216182,2023-05-08,99,"LMB",431,5043,"150.222J-34",150.222,1.28571428571429,93.0942920570302,"A","A"
"641",16,47.0102160559289,2023-05-24,99,"LMB",431,5043,"150.222J-34",150.222,2.28571428571429,20.5669695244689,"A","A"
"642",12,809.008077210756,2023-06-05,99,"LMB",431,5043,"150.222J-34",150.222,1.71428571428571,471.921378372941,"A","A"
"643",16,496.635084574402,2023-06-21,99,"LMB",431,5043,"150.222J-34",150.222,2.28571428571429,217.277849501301,"A","A"
"644",15,26.6205187537113,2023-07-06,99,"LMB",431,5043,"150.222J-34",150.222,2.14285714285714,12.422908751732,"A","A"
"645",11,83.277674198474,2023-07-17,99,"LMB",431,5043,"150.222J-34",150.222,1.57142857142857,52.9948835808471,"A","A"
"646",17,64.9317845747224,2023-08-03,99,"LMB",431,5043,"150.222J-34",150.222,2.42857142857143,26.7366171778269,"A","A"
"647",23,22.9867788321634,2023-08-26,99,"LMB",431,5043,"150.222J-34",150.222,3.28571428571429,6.9959761663106,"A","A"
"648",15,123.142180398679,2023-09-10,99,"LMB",431,5043,"150.222J-34",150.222,2.14285714285714,57.4663508527169,"A","A"
"649",14,50.3379573012603,2023-09-24,99,"LMB",431,5043,"150.222J-34",150.222,2,25.1689786506301,"A","A"
"650",14,4064.65576817373,2023-10-08,99,"LMB",431,5043,"150.222J-34",150.222,2,2032.32788408687,"A","A"
"651",14,4455.45481545403,2023-10-22,99,"LMB",431,5043,"150.222J-34",150.222,2,2227.72740772701,"A","A"
"652",13,170.245295634162,2023-11-04,99,"LMB",431,5043,"150.222J-34",150.222,1.85714285714286,91.6705438030102,"A","A"
"653",12,139.902774555273,2023-11-16,99,"LMB",431,5043,"150.222J-34",150.222,1.71428571428571,81.609951823909,"A","A"
"654",17,3717.25367873636,2023-12-03,99,"LMB",431,5043,"150.222J-34",150.222,2.42857142857143,1530.63386771497,"A","A"
"655",15,618.347005358908,2023-12-18,99,"LMB",431,5043,"150.222J-34",150.222,2.14285714285714,288.561935834157,"A","A"
"656",16,60.6894033830886,2024-01-03,99,"LMB",431,5043,"150.222J-34",150.222,2.28571428571429,26.5516139801013,"A","A"
"657",37,3434.72532047649,2024-02-09,99,"LMB",431,5043,"150.222J-34",150.222,5.28571428571429,649.812898468525,"A","A"
"658",14,124.610051093334,2024-02-23,99,"LMB",431,5043,"150.222J-34",150.222,2,62.305025546667,"A","A"
"659",14,21.3378104328096,2024-03-08,99,"LMB",431,5043,"150.222J-34",150.222,2,10.6689052164048,"A","A"
"660",21,117.129149386964,2024-03-29,99,"LMB",431,5043,"150.222J-34",150.222,3,39.0430497956548,"A","A"
"661",22,39.5619672051459,2024-04-20,99,"LMB",431,5043,"150.222J-34",150.222,3.14285714285714,12.5878986561828,"A","A"
"662",18,813.194583601179,2023-05-01,14,"ALB",438,5054,"150.132L-99",150.132,2.57142857142857,316.242338067125,"A","A"
"663",8,726.933409782077,2023-05-09,14,"ALB",438,5054,"150.132L-99",150.132,1.14285714285714,636.066733559317,"A","A"
"664",16,620.938153089552,2023-05-25,14,"ALB",438,5054,"150.132L-99",150.132,2.28571428571429,271.660441976679,"A","A"
"665",12,39.1423999060618,2023-06-06,14,"ALB",438,5054,"150.132L-99",150.132,1.71428571428571,22.8330666118694,"A","A"
"666",15,279.201798172395,2023-06-21,14,"ALB",438,5054,"150.132L-99",150.132,2.14285714285714,130.294172480451,"A","A"
"667",16,60.4471427714748,2023-07-07,14,"ALB",438,5054,"150.132L-99",150.132,2.28571428571429,26.4456249625202,"A","A"
"668",27,80.8871919333625,2023-08-03,14,"ALB",438,5054,"150.132L-99",150.132,3.85714285714286,20.9707534642051,"A","A"
"669",24,119.334333111672,2023-08-27,14,"ALB",438,5054,"150.132L-99",150.132,3.42857142857143,34.805847157571,"A","A"
"670",15,16.9739511111379,2023-09-11,14,"ALB",438,5054,"150.132L-99",150.132,2.14285714285714,7.92117718519771,"A","A"
"671",14,110.540628892726,2023-09-25,14,"ALB",438,5054,"150.132L-99",150.132,2,55.2703144463628,"A","A"
"672",28,603.423231331086,2023-10-23,14,"ALB",438,5054,"150.132L-99",150.132,4,150.855807832772,"D","A"
"673",125,5242.8641931011,2023-09-11,6,"ALB",395,5057,"150.222L-95",150.222,17.8571428571429,293.600394813662,"D","A"
"674",18,137.168353150138,2023-05-01,12,"ALB",354,5069,"150.333I-3",150.333,2.57142857142857,53.343248447276,"A","A"
"675",16,81.8761779215027,2023-05-24,91,"ALB",390,5075,"150.333I-22",150.333,2.28571428571429,35.8208278406575,"A","A"
"676",12,582.148895311992,2023-06-05,91,"ALB",390,5075,"150.333I-22",150.333,1.71428571428571,339.586855598662,"A","A"
"677",17,4851.02696839841,2023-06-22,91,"ALB",390,5075,"150.333I-22",150.333,2.42857142857143,1997.48169286994,"A","A"
"678",14,2451.09667568722,2023-07-06,91,"ALB",390,5075,"150.333I-22",150.333,2,1225.54833784361,"A","A"
"679",11,1372.94260080858,2023-07-17,91,"ALB",390,5075,"150.333I-22",150.333,1.57142857142857,873.690745969096,"A","A"
"680",17,5884.82731363349,2023-08-03,91,"ALB",390,5075,"150.333I-22",150.333,2.42857142857143,2423.16418796673,"A","A"
"681",23,7.11277802881161,2023-08-26,91,"ALB",390,5075,"150.333I-22",150.333,3.28571428571429,2.16475853050788,"A","A"
"682",167,972.131980443899,2024-02-09,91,"ALB",390,5075,"150.333I-22",150.333,23.8571428571429,40.7480470844748,"D","A"
"683",17,166.493823555299,2023-04-29,91,"ALB",410,5087,"150.333L-99",150.333,2.42857142857143,68.5562802874759,"A","A"
"684",9,54.1304632099786,2023-05-08,91,"ALB",410,5087,"150.333L-99",150.333,1.28571428571429,42.1014713855389,"A","A"
"685",16,52.0209783725277,2023-05-24,91,"ALB",410,5087,"150.333L-99",150.333,2.28571428571429,22.7591780379809,"A","A"
"686",12,47.6858934940949,2023-06-05,91,"ALB",410,5087,"150.333L-99",150.333,1.71428571428571,27.8167712048887,"A","A"
