"","DaysElapsed","MetersFromLastLocation","Date","DATE","Month","Day","Year","TagSite","Species","TL","RewardTag1","RewardTag2","Radio_Tag_","Code","Combined","Group_","Notes","Lat","Long","A_D","Ramp","Notes1","DaysPostRe","DistFromRa","geometry","WeeksElapsed","MetersPerDay","MetersPerWeek"
"1",12,23.0958950381522,2023-04-13,2023-04-13,4,13,2023,47,"LMB",385,16,"15",150.222,"I-19","150.222I-19","U","4/1/2023 CL, REPORTED",34.01024833,-85.99723833,"A","CL",NA,NA,21.950926,c(-85.99723833, 34.01024833),1.71428571428571,1.92465791984602,13.4726054389221
"2",17,582.446973866727,2023-04-30,2023-04-30,4,30,2023,47,"LMB",385,16,"15",150.222,"I-19","150.222I-19","U","4/1/2023 CL, REPORTED",34.00563,-85.99939,"A","CL",NA,NA,545.497889,c(-85.9993899999999, 34.0056300000001),2.42857142857143,34.2615866980428,239.8311068863
"3",9,154.988305843969,2023-05-09,2023-05-09,5,9,2023,47,"LMB",385,16,"15",150.222,"I-19","150.222I-19","U","4/1/2023 CL, REPORTED",34.00677,-86.00029,"A","CL",NA,NA,473.832298,c(-86.0002899999999, 34.0067700000001),1.28571428571429,17.2209228715522,120.546460100865
"4",16,48.3804735923297,2023-05-25,2023-05-25,5,25,2023,47,"LMB",385,16,"15",150.222,"I-19","150.222I-19","U","4/1/2023 CL, REPORTED",34.00717,-86.0002,"A","CL",NA,NA,435.395918,c(-86.0001999999999, 34.00717),2.28571428571429,3.0237795995206,21.1664571966442
"5",12,290.708553823571,2023-06-06,2023-06-06,6,6,2023,47,"LMB",385,16,"15",150.222,"I-19","150.222I-19","U","4/1/2023 CL, REPORTED",34.00473,-86.00079,"A","CL",NA,NA,689.019173,c(-86.0007899999999, 34.0047300000001),1.71428571428571,24.225712818631,169.579989730417
"6",15,780.831645857416,2023-06-21,2023-06-21,6,21,2023,47,"LMB",385,16,"15",150.222,"I-19","150.222I-19","U","4/1/2023 CL, REPORTED",34.01098,-85.99826,"A","CL",NA,NA,146.139841,c(-85.99826, 34.0109800000001),2.14285714285714,52.0554430571611,364.388101400128
"7",16,1769.28732361032,2023-07-07,2023-07-07,7,7,2023,47,"LMB",385,16,"15",150.222,"I-19","150.222I-19","U","4/1/2023 CL, REPORTED",33.99562,-85.99997,"A","CL",NA,NA,1655.313142,c(-85.99997, 33.99562),2.28571428571429,110.580457725645,774.063204079515
"8",11,797.85368021777,2023-07-18,2023-07-18,7,18,2023,47,"LMB",385,16,"15",150.222,"I-19","150.222I-19","U","4/1/2023 CL, REPORTED",34.00264,-85.99958,"A","CL",NA,NA,874.458727,c(-85.99958, 34.00264),1.57142857142857,72.53215274707,507.72506922949
"9",17,1477.38107944553,2023-08-04,2023-08-04,8,4,2023,47,"LMB",385,16,"15",150.222,"I-19","150.222I-19","U","4/1/2023 CL, REPORTED",33.98996,-85.9985,"A","CL",NA,NA,2297.734738,c(-85.9985, 33.9899600000001),2.42857142857143,86.9047693791486,608.333385654041
"10",23,63.519811537633,2023-08-27,2023-08-27,8,27,2023,47,"LMB",385,16,"15",150.222,"I-19","150.222I-19","U","4/1/2023 CL, REPORTED",33.98951,-85.99807,"A","CL",NA,NA,2358.780352,c(-85.99807, 33.9895100000001),3.28571428571429,2.76173093641883,19.3321165549318
"11",15,58.9008792808544,2023-09-11,2023-09-11,9,11,2023,47,"LMB",385,16,"15",150.222,"I-19","150.222I-19","U","4/1/2023 CL, REPORTED",33.98981,-85.99855,"A","CL",NA,NA,2312.511495,c(-85.99855, 33.98981),2.14285714285714,3.9267252853903,27.4870769977321
"12",14,51.0570863025189,2023-09-25,2023-09-25,9,25,2023,47,"LMB",385,16,"15",150.222,"I-19","150.222I-19","U",NA,33.98941,-85.99835,"A","CL",NA,NA,0,c(-85.99835, 33.9894100000001),2,3.64693473589421,25.5285431512595
"13",14,23.0981589027401,2023-10-09,2023-10-09,10,9,2023,47,"LMB",385,16,"15",150.222,"I-19","150.222I-19","U",NA,33.98924,-85.99852,"A","CL",NA,NA,0,c(-85.99852, 33.9892400000001),2,1.64986849305287,11.5490794513701
"14",14,67.8909663216536,2023-10-23,2023-10-23,10,23,2023,47,"LMB",385,16,"15",150.222,"I-19","150.222I-19","U",NA,33.98982,-85.99854,"A","CL",NA,NA,0,c(-85.9985399999999, 33.9898200000001),2,4.84935473726097,33.9454831608268
"15",11,5.77452506270729,2023-11-03,2023-11-03,11,3,2023,47,"LMB",385,16,"15",150.222,"I-19","150.222I-19","U",NA,33.98989,-85.9986,"A","CL",NA,NA,0,c(-85.9986, 33.9898900000001),1.57142857142857,0.524956823882481,3.67469776717737
"16",14,60.056317142492,2023-11-17,2023-11-17,11,17,2023,47,"LMB",385,16,"15",150.222,"I-19","150.222I-19","U",NA,33.99004,-85.99802,"A","CL",NA,NA,0,c(-85.9980199999999, 33.9900400000001),2,4.28973693874943,30.028158571246
"17",17,232.186329080051,2023-12-04,2023-12-04,12,4,2023,47,"LMB",385,16,"15",150.222,"I-19","150.222I-19","U",NA,33.99187,-85.99718,"A","CL",NA,NA,0,c(-85.99718, 33.9918700000001),2.42857142857143,13.6580193576501,95.6061355035505
"18",15,222.464428102283,2023-12-19,2023-12-19,12,19,2023,47,"LMB",385,16,"15",150.222,"I-19","150.222I-19","U",NA,33.99018,-85.99828,"A","CL",NA,NA,0,c(-85.99828, 33.9901800000001),2.14285714285714,14.8309618734855,103.816733114399
"19",16,43.5208908489391,2024-01-04,2024-01-04,1,4,2024,47,"LMB",385,16,"15",150.222,"I-19","150.222I-19","U",NA,33.98989,-85.99851,"A","CL",NA,NA,0,c(-85.99851, 33.9898900000001),2.28571428571429,2.72005567805869,19.0403897464108
"20",22,502.672638878925,2024-01-26,2024-01-26,1,26,2024,47,"LMB",385,16,"15",150.222,"I-19","150.222I-19","U",NA,33.99364,-85.99596,"A","CL",NA,NA,0,c(-85.99596, 33.99364),3.14285714285714,22.8487563126784,159.941294188749
"21",15,505.347900515085,2024-02-10,2024-02-10,2,10,2024,47,"LMB",385,16,"15",150.222,"I-19","150.222I-19","U",NA,33.98987,-85.99857,"A","CL",NA,NA,0,c(-85.99857, 33.9898700000001),2.14285714285714,33.689860034339,235.829020240373
"22",14,59.5068944746798,2024-02-24,2024-02-24,2,24,2024,47,"LMB",385,16,"15",150.222,"I-19","150.222I-19","U",NA,33.98942,-85.99827,"A","CL",NA,NA,0,c(-85.99827, 33.9894200000001),2,4.25049246247713,29.7534472373399
"23",2,166.534247479598,2023-05-09,2023-05-09,5,9,2023,197,"LMB",505,62,"NA",150.132,"I-19","150.132I-19","U","5/7/23, CL, Reported",34.00887,-85.99808,"A","CL",NA,NA,166.077307,c(-85.99808, 34.0088700000001),0.285714285714286,83.2671237397992,582.869866178594
"24",16,3153.90930134565,2023-05-25,2023-05-25,5,25,2023,197,"LMB",505,62,"NA",150.132,"I-19","150.132I-19","U","5/7/23, CL, Reported",33.99024,-86.00524,"A","CL",NA,NA,3211.806348,c(-86.00524, 33.99024),2.28571428571429,197.119331334103,1379.83531933872
"25",12,218.514501817063,2023-06-06,2023-06-06,6,6,2023,197,"LMB",505,62,"NA",150.132,"I-19","150.132I-19","U","5/7/23, CL, Reported",33.99032,-86.00289,"A","CL",NA,NA,3070.575997,c(-86.00289, 33.9903200000001),1.71428571428571,18.2095418180885,127.46679272662
"26",15,29.5664852249397,2023-06-21,2023-06-21,6,21,2023,197,"LMB",505,62,"NA",150.132,"I-19","150.132I-19","U","5/7/23, CL, Reported",33.99033,-86.00322,"A","CL",NA,NA,3088.120633,c(-86.0032199999999, 33.99033),2.14285714285714,1.97109901499598,13.7976931049719
"27",16,352.940892313067,2023-07-07,2023-07-07,7,7,2023,197,"LMB",505,62,"NA",150.132,"I-19","150.132I-19","U","5/7/23, CL, Reported",33.98807,-86.00067,"A","CL",NA,NA,2759.874795,c(-86.00067, 33.9880700000001),2.28571428571429,22.0588057695667,154.411640386967
"28",11,315.348317788976,2023-07-18,2023-07-18,7,18,2023,197,"LMB",505,62,"NA",150.132,"I-19","150.132I-19","U","5/7/23, CL, Reported, dock by mouth of Black Creek",33.9903,-86.00266,"A","CL",NA,NA,3057.639132,c(-86.0026599999999, 33.9903),1.57142857142857,28.6680288899069,200.676202229348
"29",54,3915.9959833447,2023-09-10,2023-09-10,9,10,2023,197,"LMB",505,62,"NA",150.132,"I-19","150.132I-19","U","5/7/23, CL, Reported, big move up black",34.007867,-86.029998,"A","CL",NA,NA,6675.995041,c(-86.029998, 34.007867),7.71428571428571,72.5184441360129,507.629108952091
"30",20,5963.2285156587,2023-05-09,2023-05-09,5,9,2023,189,"LMB",452,68,"NA",150.132,"I-17","150.132I-17","U","4/19/2023 CL, REPORTED",33.97827,-86.02751,"A","CL",NA,NA,5642.332823,c(-86.0275099999999, 33.9782700000001),2.85714285714286,298.161425782935,2087.12998048055
"31",16,480.887561623201,2023-05-25,2023-05-25,5,25,2023,189,"LMB",452,68,"NA",150.132,"I-17","150.132I-17","U","4/19/2023 CL, REPORTED",33.9815,-86.03078,"A","CL",NA,NA,5874.835894,c(-86.0307799999999, 33.9815),2.28571428571429,30.05547260145,210.38830821015
"32",12,89.8563540017761,2023-06-06,2023-06-06,6,6,2023,189,"LMB",452,68,"NA",150.132,"I-17","150.132I-17","U","4/19/2023 CL, REPORTED",33.98204,-86.03145,"A","CL",NA,NA,5959.526767,c(-86.0314499999999, 33.98204),1.71428571428571,7.48802950014801,52.4162065010361
"33",15,51.5116954891882,2023-06-21,2023-06-21,6,21,2023,189,"LMB",452,68,"NA",150.132,"I-17","150.132I-17","U","4/19/2023 CL, REPORTED",33.98174,-86.03105,"A","CL",NA,NA,5910.215624,c(-86.0310499999999, 33.9817400000001),2.14285714285714,3.43411303261255,24.0387912282878
"34",16,49.4331335632252,2023-07-07,2023-07-07,7,7,2023,189,"LMB",452,68,"NA",150.132,"I-17","150.132I-17","U","4/19/2023 CL, REPORTED",33.98199,-86.03147,"A","CL",NA,NA,5957.650449,c(-86.03147, 33.9819900000001),2.28571428571429,3.08957084770157,21.626995933911
"35",11,23.5222635521471,2023-07-18,2023-07-18,7,18,2023,189,"LMB",452,68,"NA",150.132,"I-17","150.132I-17","U","4/19/2023 CL, REPORTED",33.98218,-86.03141,"A","CL",NA,NA,5966.052411,c(-86.0314099999999, 33.98218),1.57142857142857,2.13838759564974,14.9687131695482
"36",17,72.992859626318,2023-08-04,2023-08-04,8,4,2023,189,"LMB",452,68,"NA",150.132,"I-17","150.132I-17","U","4/19/2023 CL, REPORTED",33.98269,-86.03196,"A","CL",NA,NA,6041.754149,c(-86.03196, 33.98269),2.42857142857143,4.29369762507753,30.0558833755427
"37",23,395.691847722535,2023-08-27,2023-08-27,8,27,2023,189,"LMB",452,68,"NA",150.132,"I-17","150.132I-17","U","4/19/2023 CL, REPORTED",33.98041,-86.02893,"A","CL",NA,NA,5664.362945,c(-86.0289299999999, 33.9804100000001),3.28571428571429,17.2039933792407,120.427953654685
"38",15,1250.94639032515,2023-09-11,2023-09-11,9,11,2023,189,"LMB",452,68,"NA",150.132,"I-17","150.132I-17","U","4/19/2023 CL, REPORTED",33.98787,-86.03806,"A","CL",NA,NA,6890.058338,c(-86.03806, 33.98787),2.14285714285714,83.3964260216769,583.774982151738
"39",14,1010.63579621691,2023-09-25,2023-09-25,9,25,2023,189,"LMB",452,68,"NA",150.132,"I-17","150.132I-17","U",NA,33.98177,-86.03098,"A","CL",NA,NA,0,c(-86.0309799999999, 33.98177),2,72.1882711583504,505.317898108453
"40",14,141.368385173661,2023-10-09,2023-10-09,10,9,2023,189,"LMB",452,68,"NA",150.132,"I-17","150.132I-17","U",NA,33.98096,-86.02992,"A","CL",NA,NA,0,c(-86.0299199999999, 33.98096),2,10.0977417981186,70.6841925868303
"41",38,4647.48184621846,2023-11-16,2023-11-16,11,16,2023,189,"LMB",452,68,"NA",150.132,"I-17","150.132I-17","U",NA,33.97631,-85.99759,"A","CL",NA,NA,0,c(-85.9975899999999, 33.9763100000001),5.42857142857143,122.302153847854,856.11507693498
"42",18,354.368161511645,2023-12-04,2023-12-04,12,4,2023,189,"LMB",452,68,"NA",150.132,"I-17","150.132I-17","U",NA,33.9775,-86.00075,"D","CL",NA,NA,0,c(-86.00075, 33.9775000000001),2.57142857142857,19.6871200839803,137.809840587862
"43",15,18.481823497588,2023-12-19,2023-12-19,12,19,2023,189,"LMB",452,68,"NA",150.132,"I-17","150.132I-17","U",NA,33.97752,-86.00096,"D","CL",NA,NA,0,c(-86.00096, 33.97752),2.14285714285714,1.23212156650586,8.62485096554105
"44",16,11.0890940985528,2024-01-04,2024-01-04,1,4,2024,189,"LMB",452,68,"NA",150.132,"I-17","150.132I-17","U",NA,33.97752,-86.00082,"D","CL","Removed 1/16/23",NA,0,c(-86.00082, 33.97752),2.28571428571429,0.693068381159549,4.85147866811684
"45",26,4094.01660268223,2023-04-13,2023-04-13,4,13,2023,180,"ALB",415,88,"NA",150.333,"L-91","150.333L-91","U","3/18/2023 CL, TJ",33.97504833,-85.99694667,"A","CL",NA,NA,3955.497043,c(-85.9969466699999, 33.97504833),3.71428571428571,157.46217702624,1102.23523918368
"46",18,234.009847837559,2023-05-01,2023-05-01,5,1,2023,180,"ALB",415,88,"NA",150.333,"L-91","150.333L-91","U","3/18/2023 CL, TJ",33.97386,-85.99506,"A","CL",NA,NA,4125.456821,c(-85.99506, 33.9738600000001),2.57142857142857,13.0005471020866,91.0038297146063
"47",8,417.412143468988,2023-05-09,2023-05-09,5,9,2023,180,"ALB",415,88,"NA",150.333,"L-91","150.333L-91","U","3/18/2023 CL, TJ",33.9767,-85.99798,"A","CL",NA,NA,3761.331453,c(-85.99798, 33.9767000000001),1.14285714285714,52.1765179336236,365.235625535365
"48",16,369.133956710337,2023-05-25,2023-05-25,5,25,2023,180,"ALB",415,88,"NA",150.333,"L-91","150.333L-91","U","3/18/2023 CL, TJ",33.97424,-85.99537,"A","CL",NA,NA,4076.132969,c(-85.99537, 33.9742400000001),2.28571428571429,23.070872294396,161.496106060772
"49",12,124.049318726522,2023-06-06,2023-06-06,6,6,2023,180,"ALB",415,88,"NA",150.333,"L-91","150.333L-91","U","3/18/2023 CL, TJ",33.97492,-85.99634,"A","CL",NA,NA,3979.294622,c(-85.99634, 33.9749200000001),1.71428571428571,10.3374432272102,72.3621025904713
"50",15,185.955831944932,2023-06-21,2023-06-21,6,21,2023,180,"ALB",415,88,"NA",150.333,"L-91","150.333L-91","U","3/18/2023 CL, TJ",33.97377,-85.995,"A","CL",NA,NA,4136.925536,c(-85.9949999999999, 33.9737700000001),2.14285714285714,12.3970554629955,86.7793882409683
"51",16,295.915838789304,2023-07-07,2023-07-07,7,7,2023,180,"ALB",415,88,"NA",150.333,"L-91","150.333L-91","U","3/18/2023 CL, TJ",33.97541,-85.99726,"A","CL",NA,NA,3911.300805,c(-85.99726, 33.9754100000001),2.28571428571429,18.4947399243315,129.463179470321
"52",11,369.85712338708,2023-07-18,2023-07-18,7,18,2023,180,"ALB",415,88,"NA",150.333,"L-91","150.333L-91","U","3/18/2023 CL, TJ",33.97439,-85.99382,"A","CL",NA,NA,4126.63051,c(-85.99382, 33.97439),1.57142857142857,33.6233748533709,235.363623973596
"53",17,515.831830706798,2023-08-04,2023-08-04,8,4,2023,180,"ALB",415,88,"NA",150.333,"L-91","150.333L-91","U","3/18/2023 CL, TJ",33.97699,-85.99796,"A","CL",NA,NA,3729.585274,c(-85.99796, 33.9769900000001),2.42857142857143,30.3430488651058,212.40134205574
"54",23,98.5955871435718,2023-08-27,2023-08-27,8,27,2023,180,"ALB",415,88,"NA",150.333,"L-91","150.333L-91","U","3/18/2023 CL, TJ",33.97771,-85.99852,"A","CL",NA,NA,3646.283938,c(-85.99852, 33.9777100000001),3.28571428571429,4.28676465841617,30.0073526089132
"55",15,270.857447849171,2023-09-11,2023-09-11,9,11,2023,180,"ALB",415,88,"NA",150.333,"L-91","150.333L-91","U","3/18/2023 CL, TJ",33.97564,-85.9973,"A","CL",NA,NA,3885.140342,c(-85.9972999999999, 33.9756400000001),2.14285714285714,18.0571631899447,126.400142329613
"56",14,28.8745691766241,2023-09-25,2023-09-25,9,25,2023,180,"ALB",415,88,"NA",150.333,"L-91","150.333L-91","U",NA,33.97543,-85.99711,"A","CL",NA,NA,0,c(-85.99711, 33.9754300000001),2,2.06246922690172,14.4372845883121
"57",14,11.0893641438949,2023-10-09,2023-10-09,10,9,2023,180,"ALB",415,88,"NA",150.333,"L-91","150.333L-91","U",NA,33.97545,-85.99697,"A","CL",NA,NA,0,c(-85.99697, 33.97545),2,0.792097438849634,5.54468207194744
"58",14,35.072242749197,2023-10-23,2023-10-23,10,23,2023,180,"ALB",415,88,"NA",150.333,"L-91","150.333L-91","U",NA,33.97572,-85.99711,"A","CL",NA,NA,0,c(-85.99711, 33.97572),2,2.50516019637121,17.5361213745985
"59",11,220.604691251311,2023-11-03,2023-11-03,11,3,2023,180,"ALB",415,88,"NA",150.333,"L-91","150.333L-91","U",NA,33.97431,-85.9955,"A","CL",NA,NA,0,c(-85.9954999999999, 33.9743100000001),1.57142857142857,20.0549719319374,140.384803523562
"60",13,373.290773591176,2023-11-16,2023-11-16,11,16,2023,180,"ALB",415,88,"NA",150.333,"L-91","150.333L-91","U",NA,33.97688,-85.99812,"A","CL",NA,NA,0,c(-85.99812, 33.9768800000001),1.85714285714286,28.7146748916289,201.002724241402
"61",33,423.186776351416,2023-12-19,2023-12-19,12,19,2023,180,"ALB",415,88,"NA",150.333,"L-91","150.333L-91","U",NA,33.974,-85.99516,"A","CL",NA,NA,0,c(-85.9951599999999, 33.974),4.71428571428571,12.8238417076187,89.7668919533306
"62",16,488.613715763858,2024-01-04,2024-01-04,1,4,2024,180,"ALB",415,88,"NA",150.333,"L-91","150.333L-91","U",NA,33.97744,-85.99835,"A","CL",NA,NA,0,c(-85.99835, 33.9774400000001),2.28571428571429,30.5383572352411,213.768500646688
"63",22,533.052630316266,2024-01-26,2024-01-26,1,26,2024,180,"ALB",415,88,"NA",150.333,"L-91","150.333L-91","U",NA,33.9737,-85.99475,"A","CL",NA,NA,0,c(-85.99475, 33.9737000000001),3.14285714285714,24.2296650143757,169.60765510063
"64",15,37.885933159402,2024-02-10,2024-02-10,2,10,2024,180,"ALB",415,88,"NA",150.333,"L-91","150.333L-91","U",NA,33.97387,-85.99506,"A","CL",NA,NA,0,c(-85.99506, 33.97387),2.14285714285714,2.52572887729347,17.6801021410543
"65",19,14544.0395715611,2023-04-13,2023-04-13,4,13,2023,57,"LMB",525,117,"NA",150.132,"I-13","150.132I-13","U","3/25/23, SOUTHSIDE, REPORTED",33.99164,-85.99945167,"A","SS",NA,NA,13649.902693,c(-85.99945167, 33.9916400000001),2.71428571428571,765.475766924269,5358.33036846988
"66",18,4196.06378505154,2023-05-01,2023-05-01,5,1,2023,57,"LMB",525,117,"NA",150.132,"I-13","150.132I-13","U","3/25/23, SOUTHSIDE, REPORTED",33.97166,-85.98093,"A","SS",NA,NA,10583.721181,c(-85.9809299999999, 33.97166),2.57142857142857,233.114654725085,1631.8025830756
"67",8,1740.75610815892,2023-05-09,2023-05-09,5,9,2023,57,"LMB",525,117,"NA",150.132,"I-13","150.132I-13","U","3/25/23, SOUTHSIDE, REPORTED",33.97255,-85.99104,"A","SS",NA,NA,11297.02967,c(-85.9910399999999, 33.9725500000001),1.14285714285714,217.594513519865,1523.16159463906
"68",16,377.911022150791,2023-05-25,2023-05-25,5,25,2023,57,"LMB",525,117,"NA",150.132,"I-13","150.132I-13","U","3/25/23, SOUTHSIDE, REPORTED",33.96973,-85.98964,"A","SS",NA,NA,11017.471469,c(-85.98964, 33.96973),2.28571428571429,23.6194388844244,165.336072190971
"69",12,39.5054337067198,2023-06-06,2023-06-06,6,6,2023,57,"LMB",525,117,"NA",150.132,"I-13","150.132I-13","U","3/25/23, SOUTHSIDE, REPORTED",33.96959,-85.99,"D","SS",NA,NA,11050.138312,c(-85.99, 33.96959),1.71428571428571,3.29211947555999,23.0448363289199
"70",31,9.47178021784536,2023-07-07,2023-07-07,7,7,2023,57,"LMB",525,117,"NA",150.132,"I-13","150.132I-13","U","3/25/23, SOUTHSIDE, REPORTED",33.96963,-85.98989,"A","SS",NA,NA,11039.287538,c(-85.9898899999999, 33.9696300000001),4.42857142857143,0.30554129734985,2.13878908144895
"71",11,8.87374695945648,2023-07-18,2023-07-18,7,18,2023,57,"LMB",525,117,"NA",150.132,"I-13","150.132I-13","U","3/25/23, SOUTHSIDE, REPORTED, remove?",33.96955,-85.9899,"D","SS",NA,NA,11040.164332,c(-85.9899, 33.96955),1.57142857142857,0.806704269041498,5.64692988329049
"72",16,4.43687346572981,2023-08-03,2023-08-03,8,3,2023,57,"LMB",525,117,"NA",150.132,"I-13","150.132I-13","U","3/25/23, SOUTHSIDE, REPORTED, remove?",33.96961,-85.98989,"D","SS",NA,NA,11039.208624,c(-85.9898899999999, 33.96961),2.28571428571429,0.277304591608113,1.94113214125679
"73",24,5.77507561099429,2023-08-27,2023-08-27,8,27,2023,57,"LMB",525,117,"NA",150.132,"I-13","150.132I-13","U","3/25/23, SOUTHSIDE, REPORTED, remove?",33.96957,-85.98995,"D","SS",NA,NA,11045.097986,c(-85.98995, 33.96957),3.42857142857143,0.240628150458095,1.68439705320667
"74",15,4.43687346572981,2023-09-11,2023-09-11,9,11,2023,57,"LMB",525,117,"NA",150.132,"I-13","150.132I-13","U","3/25/23, SOUTHSIDE, REPORTED, remove?",33.96959,-85.98994,"D","SS",NA,NA,11044.134662,c(-85.98994, 33.96959),2.14285714285714,0.295791564381987,2.07054095067391
"75",14,5.77507561099429,2023-09-25,2023-09-25,9,25,2023,57,"LMB",525,117,"NA",150.132,"I-13","150.132I-13","U",NA,33.96956,-85.98991,"D","SS",NA,NA,0,c(-85.98991, 33.9695600000001),2,0.412505400785306,2.88753780549714
"76",14,3.69670915403989,2023-10-09,2023-10-09,10,9,2023,57,"LMB",525,117,"NA",150.132,"I-13","150.132I-13","U",NA,33.96957,-85.98986,"D","SS",NA,NA,0,c(-85.98986, 33.96957),2,0.264050653859992,1.84835457701995
"77",14,7.39341830807979,2023-10-23,2023-10-23,10,23,2023,57,"LMB",525,117,"NA",150.132,"I-13","150.132I-13","U",NA,33.96956,-85.98994,"D","SS","Tag on dry land on 11/3/2023, removed",NA,0,c(-85.98994, 33.9695600000001),2,0.528101307719985,3.69670915403989
"78",29,734.064755197984,2023-04-30,2023-04-30,4,30,2023,57,"LMB",463,118,"NA",150.132,"J-36","150.132J-36","U","4/1/2023 CL, TJ",34.0149,-85.99607,"A","CL",NA,NA,695.600229,c(-85.99607, 34.0149000000001),4.14285714285714,25.3125777654477,177.188044358134
"79",9,5507.85433714538,2023-05-09,2023-05-09,5,9,2023,57,"LMB",463,118,"NA",150.132,"J-36","150.132J-36","U","UNREACHABLE(BLACK CREEK), 4/1/2023 CL, TJ",33.99233,-86.0198,"A","CL",NA,NA,4577.805107,c(-86.0198, 33.99233),1.28571428571429,611.983815238376,4283.88670666863
"80",16,249.692247206584,2023-05-25,2023-05-25,5,25,2023,57,"LMB",463,118,"NA",150.132,"J-36","150.132J-36","U","4/1/2023 CL, TJ",33.99226,-86.01711,"A","CL",NA,NA,4332.638431,c(-86.0171099999999, 33.99226),2.28571428571429,15.6057654504115,109.24035815288
"81",18,7144.41332030114,2023-04-13,2023-04-13,4,13,2023,168,"ALB",439,142,"141",150.132,"J-33","150.132J-33","U","3/26/2023 CL, TJ",33.962115,-85.96966667,"A","CL",NA,NA,6744.365957,c(-85.96966667, 33.962115),2.57142857142857,396.911851127841,2778.38295789489
"82",18,8244.00035329976,2023-05-01,2023-05-01,5,1,2023,168,"ALB",439,142,"141",150.132,"J-33","150.132J-33","U","3/26/2023 CL, TJ, CAUGHT TWICE?",34.01793,-85.99018,"A","CL",NA,NA,1076.402923,c(-85.99018, 34.01793),2.57142857142857,458.000019627764,3206.00013739435
"83",8,7.3892307227768,2023-05-09,2023-05-09,5,9,2023,168,"ALB",439,142,"141",150.132,"J-33","150.132J-33","U","3/26/2023 CL, TJ, CAUGHT TWICE?",34.01791,-85.99026,"A","CL",NA,NA,1070.730709,c(-85.99026, 34.01791),1.14285714285714,0.9236538403471,6.4655768824297
"84",15,15539.2360540328,2023-05-24,2023-05-24,5,24,2023,168,"ALB",439,142,"141",150.132,"J-33","150.132J-33","U","3/26/2023 CL, TJ, weird movement",33.94405,-86.00182,"A","CL",NA,NA,13649.135429,c(-86.00182, 33.9440500000001),2.14285714285714,1035.94907026885,7251.64349188196
"85",12,21.0251238426124,2023-06-05,2023-06-05,6,5,2023,168,"ALB",439,142,"141",150.132,"J-33","150.132J-33","U","3/26/2023 CL, TJ, weird movement",33.94393,-86.00166,"A","CL",NA,NA,13629.406468,c(-86.00166, 33.9439300000001),1.71428571428571,1.75209365355103,12.2646555748572
"86",17,1830.05409811715,2023-06-22,2023-06-22,6,22,2023,168,"ALB",439,142,"141",150.132,"J-33","150.132J-33","U","3/26/2023 CL, TJ",33.93623,-85.9862,"A","CL",NA,NA,11960.797706,c(-85.9861999999999, 33.9362300000001),2.42857142857143,107.650241065715,753.551687460003
"87",15,1316.39830365017,2023-07-07,2023-07-07,7,7,2023,168,"ALB",439,142,"141",150.132,"J-33","150.132J-33","U","3/26/2023 CL, TJ",33.94073,-85.99779,"A","CL",NA,NA,13174.617172,c(-85.99779, 33.94073),2.14285714285714,87.7598869100115,614.31920837008
"88",10,5267.39364795859,2023-07-17,2023-07-17,7,17,2023,168,"ALB",439,142,"141",150.132,"J-33","150.132J-33","U","3/26/2023 CL, TJ",33.94196,-85.95268,"A","CL",NA,NA,9380.370873,c(-85.95268, 33.9419600000001),1.42857142857143,526.739364795859,3687.17555357102
"89",18,6425.09429236878,2023-08-04,2023-08-04,8,4,2023,168,"ALB",439,142,"141",150.132,"J-33","150.132J-33","U","3/26/2023 CL, TJ, big move",33.97669,-86.00265,"A","CL",NA,NA,3956.217228,c(-86.00265, 33.9766900000001),2.57142857142857,356.949682909377,2498.64778036564
"90",38,0,2023-09-11,2023-09-11,9,11,2023,168,"ALB",439,142,"141",150.132,"J-33","150.132J-33","U","3/26/2023 CL, TJ",33.97668,-86.00268,"D","CL",NA,NA,3959.320878,c(-86.0026799999999, 33.97668),5.42857142857143,0,0
"91",14,10.2117619800179,2023-09-25,2023-09-25,9,25,2023,168,"ALB",439,142,"141",150.132,"J-33","150.132J-33","U",NA,33.9766,-86.00264,"D","CL",NA,NA,0,c(-86.00264, 33.9766000000001),2,0.729411570001275,5.10588099000893
"92",14,11.5497679498873,2023-10-09,2023-10-09,10,9,2023,168,"ALB",439,142,"141",150.132,"J-33","150.132J-33","U",NA,33.97668,-86.00253,"A","CL",NA,NA,0,c(-86.00253, 33.97668),2,0.824983424991953,5.77488397494367
"93",14,17.3246437819838,2023-10-23,2023-10-23,10,23,2023,168,"ALB",439,142,"141",150.132,"J-33","150.132J-33","U",NA,33.9768,-86.00267,"D","CL",NA,NA,0,c(-86.00267, 33.9768),2,1.23747455585599,8.66232189099192
"94",24,18.4819792970518,2023-11-16,2023-11-16,11,16,2023,168,"ALB",439,142,"141",150.132,"J-33","150.132J-33","U",NA,33.9768,-86.00248,"D","CL",NA,NA,0,c(-86.0024799999999, 33.9768),3.42857142857143,0.770082470710492,5.39057729497345
"95",18,16.8640677532573,2023-12-04,2023-12-04,12,4,2023,168,"ALB",439,142,"141",150.132,"J-33","150.132J-33","U",NA,33.97675,-86.00262,"D","CL",NA,NA,0,c(-86.00262, 33.97675),2.57142857142857,0.936892652958737,6.55824857071116
"96",15,5.77488017450089,2023-12-19,2023-12-19,12,19,2023,168,"ALB",439,142,"141",150.132,"J-33","150.132J-33","U",NA,33.97679,-86.00268,"D","CL","Removed 1/16/23",NA,0,c(-86.0026799999999, 33.9767900000001),2.14285714285714,0.384992011633393,2.69494408143375
"97",12,708.686494818389,2023-04-13,2023-04-13,4,13,2023,168,"ALB",444,143,"NA",150.132,"I-75","150.132I-75","U","4/1/2023 CL, REPORTED",34.00480333,-86.00072833,"A","CL",NA,NA,679.611176,c(-86.00072833, 34.0048033300001),1.71428571428571,59.0572079015324,413.400455310727
"98",17,11932.2888954163,2023-04-30,2023-04-30,4,30,2023,168,"ALB",444,143,"NA",150.132,"I-75","150.132I-75","U","4/1/2023 CL, REPORTED",33.93615,-85.98631,"A","CL",NA,NA,11967.108142,c(-85.9863099999999, 33.9361500000001),2.42857142857143,701.899346789195,4913.29542752437
"99",8,978.66663446368,2023-05-08,2023-05-08,5,8,2023,168,"ALB",444,143,"NA",150.132,"I-75","150.132I-75","U","4/1/2023 CL, REPORTED",33.93284,-85.97759,"A","CL",NA,NA,11107.140174,c(-85.97759, 33.9328400000001),1.14285714285714,122.33332930796,856.33330515572
"100",16,998.777793117578,2023-05-24,2023-05-24,5,24,2023,168,"ALB",444,143,"NA",150.132,"I-75","150.132I-75","U","4/1/2023 CL, REPORTED",33.93612,-85.98653,"A","CL",NA,NA,11984.701712,c(-85.98653, 33.9361200000001),2.28571428571429,62.4236120698486,436.96528448894
"101",13,617.968731383527,2023-06-06,2023-06-06,6,6,2023,168,"ALB",444,143,"NA",150.132,"I-75","150.132I-75","U","4/1/2023 CL, REPORTED",33.93747,-85.99248,"A","CL",NA,NA,12554.588653,c(-85.9924799999999, 33.9374700000001),1.85714285714286,47.5360562602713,332.752393821899
"102",16,643.855784799146,2023-06-22,2023-06-22,6,22,2023,168,"ALB",444,143,"NA",150.132,"I-75","150.132I-75","U","4/1/2023 CL, REPORTED",33.93612,-85.98627,"A","CL",NA,NA,11962.339064,c(-85.98627, 33.9361200000001),2.28571428571429,40.2409865499466,281.686905849626
"103",15,51.0641236841188,2023-07-07,2023-07-07,7,7,2023,168,"ALB",444,143,"NA",150.132,"I-75","150.132I-75","U","4/1/2023 CL, REPORTED",33.93651,-85.98646,"A","CL",NA,NA,11994.755243,c(-85.98646, 33.9365100000001),2.14285714285714,3.40427491227459,23.8299243859221
"104",10,30.0426381404303,2023-07-17,2023-07-17,7,17,2023,168,"ALB",444,143,"NA",150.132,"I-75","150.132I-75","U","4/1/2023 CL, REPORTED",33.93645,-85.98618,"A","CL",NA,NA,11968.205801,c(-85.98618, 33.93645),1.42857142857143,3.00426381404303,21.0298466983012
"105",18,12602.3040472029,2023-08-04,2023-08-04,8,4,2023,168,"ALB",444,143,"NA",150.132,"I-75","150.132I-75","U","4/1/2023 CL, REPORTED, huge move to CL, Caught again?",34.01053,-85.9985,"A","CL",NA,"Caught again?",139.805553,c(-85.9985, 34.0105300000001),2.57142857142857,700.128002622383,4900.89601835668
"106",23,709.355513251962,2023-08-27,2023-08-27,8,27,2023,168,"ALB",444,143,"NA",150.132,"I-75","150.132I-75","U","4/1/2023 CL, REPORTED",34.00479,-86.00075,"A","CL",NA,NA,681.431501,c(-86.00075, 34.0047900000001),3.28571428571429,30.8415440544331,215.890808381032
"107",15,10.2110166377161,2023-09-11,2023-09-11,9,11,2023,168,"ALB",444,143,"NA",150.132,"I-75","150.132I-75","U","4/1/2023 CL, REPORTED",34.00486,-86.00077,"A","CL",NA,NA,675.323499,c(-86.00077, 34.0048600000001),2.14285714285714,0.680734442514406,4.76514109760084
"108",14,5.77411771769944,2023-09-25,2023-09-25,9,25,2023,168,"ALB",444,143,"NA",150.132,"I-75","150.132I-75","U",NA,34.00484,-86.00075,"A","CL",NA,NA,0,c(-86.00075, 34.0048400000001),2,0.412436979835674,2.88705885884972
"109",14,310.219420790608,2023-10-09,2023-10-09,10,9,2023,168,"ALB",444,143,"NA",150.132,"I-75","150.132I-75","U",NA,34.00219,-86.00128,"A","CL",NA,NA,0,c(-86.00128, 34.00219),2,22.158530056472,155.109710395304
"110",14,10.2110874878111,2023-10-23,2023-10-23,10,23,2023,168,"ALB",444,143,"NA",150.132,"I-75","150.132I-75","U",NA,34.0021,-86.00124,"A","CL",NA,NA,0,c(-86.0012399999999, 34.0021),2,0.729363391986509,5.10554374390556
"111",11,307.544925906722,2023-11-03,2023-11-03,11,3,2023,168,"ALB",444,143,"NA",150.132,"I-75","150.132I-75","U",NA,34.00475,-86.00078,"A","CL",NA,NA,0,c(-86.00078, 34.0047500000001),1.57142857142857,27.9586296278838,195.710407395187
"112",14,310.219478317947,2023-11-17,2023-11-17,11,17,2023,168,"ALB",444,143,"NA",150.132,"I-75","150.132I-75","U",NA,34.00213,-86.00129,"A","CL",NA,NA,0,c(-86.00129, 34.0021300000001),2,22.1585341655676,155.109739158973
"113",17,1330.03058365813,2023-12-04,2023-12-04,12,4,2023,168,"ALB",444,143,"NA",150.132,"I-75","150.132I-75","U",NA,34.01264,-85.99642,"A","CL",NA,NA,0,c(-85.9964199999999, 34.01264),2.42857142857143,78.2370931563608,547.659652094526
"114",14,12701.6283858952,2023-12-18,2023-12-18,12,18,2023,168,"ALB",444,143,"NA",150.132,"I-75","150.132I-75","U",NA,33.93448,-85.98507,"A","CL",NA,NA,0,c(-85.98507, 33.9344800000001),2,907.259170421085,6350.8141929476
"115",17,1181.2429446394,2024-01-04,2024-01-04,1,4,2024,168,"ALB",444,143,"NA",150.132,"I-75","150.132I-75","U",NA,33.9326,-85.97334,"A","CL",NA,NA,0,c(-85.97334, 33.9326),2.42857142857143,69.484879096435,486.394153675045
"116",22,1327.94483165074,2024-01-26,2024-01-26,1,26,2024,168,"ALB",444,143,"NA",150.132,"I-75","150.132I-75","U",NA,33.93673,-85.98497,"A","CL",NA,NA,0,c(-85.98497, 33.9367300000001),3.14285714285714,60.3611287113974,422.527900979782
"117",14,1092.87582644249,2024-02-09,2024-02-09,2,9,2024,168,"ALB",444,143,"NA",150.132,"I-75","150.132I-75","U",NA,33.93262,-85.97586,"A","CL",NA,NA,0,c(-85.97586, 33.93262),2,78.0625590316066,546.437913221246
"118",14,7843.68504362872,2024-02-23,2024-02-23,2,23,2024,168,"ALB",444,143,"NA",150.132,"I-75","150.132I-75","U",NA,33.97769,-85.99869,"A","CL",NA,NA,0,c(-85.99869, 33.9776900000001),2,560.263217402052,3921.84252181436
"119",13,2554.2754960274,2023-07-07,2023-07-07,7,7,2023,177,"LMB",520,741,NA,150.333,"L-86","150.333L-86","U","6/24/23, CL, TJ",33.99156,-85.99773,"A","CL",NA,NA,2459.27722,c(-85.99773, 33.99156),1.85714285714286,196.482730463646,1375.37911324552
"120",11,3043.6006958757,2023-07-18,2023-07-18,7,18,2023,177,"LMB",520,741,NA,150.333,"L-86","150.333L-86","U","6/24/23, CL, TJ",33.97017,-85.986,"A","CL",NA,NA,4985.676356,c(-85.986, 33.9701700000001),1.57142857142857,276.690972352337,1936.83680646636
"121",17,5.77506041204448,2023-08-04,2023-08-04,8,4,2023,177,"LMB",520,741,NA,150.333,"L-86","150.333L-86","U","6/24/23, CL, TJ",33.9701,-85.98596,"A","CL",NA,NA,4992.681844,c(-85.98596, 33.9701000000001),2.42857142857143,0.339709436002616,2.37796605201831
"122",23,3.69668492339542,2023-08-27,2023-08-27,8,27,2023,177,"LMB",520,741,NA,150.333,"L-86","150.333L-86","U","6/24/23, CL, TJ",33.97012,-85.9859,"D","CL",NA,NA,4996.839822,c(-85.9859, 33.9701200000001),3.28571428571429,0.160725431451975,1.12507802016382
"123",15,3.69668492339542,2023-09-11,2023-09-11,9,11,2023,177,"LMB",520,741,NA,150.333,"L-86","150.333L-86","U","6/24/23, CL, TJ",33.97011,-85.98587,"D","CL",NA,NA,4999.072564,c(-85.98587, 33.97011),2.14285714285714,0.246445661559694,1.72511963091786
"124",14,5.77506041204448,2023-09-25,2023-09-25,9,25,2023,177,"LMB",520,741,NA,150.333,"L-86","150.333L-86","U",NA,33.97017,-85.98582,"A","CL",NA,NA,0,c(-85.98582, 33.9701700000001),2,0.412504315146034,2.88753020602224
"125",14,5.77506041204448,2023-10-09,2023-10-09,10,9,2023,177,"LMB",520,741,NA,150.333,"L-86","150.333L-86","U",NA,33.9701,-85.9858,"A","CL",NA,NA,0,c(-85.9858, 33.9701000000001),2,0.412504315146034,2.88753020602224
"126",14,11.0900547701862,2023-10-23,2023-10-23,10,23,2023,177,"LMB",520,741,NA,150.333,"L-86","150.333L-86","U",NA,33.97013,-85.98592,"A","CL","Tag on dry land on 11/3/2023, removed",NA,0,c(-85.98592, 33.97013),2,0.792146769299018,5.54502738509312
"127",18,2271.75120877259,2023-05-02,2023-05-02,5,2,2023,61,"ALB",430,1337,"NA",148.24,NA,NA,"NA","2022 fish 4/14/2023 CL",33.9906,-85.99982,"A","CL",NA,NA,2212.512845,c(-85.9998199999999, 33.9906),2.57142857142857,126.208400487366,883.458803411564
"128",23,20832.8613335698,2023-05-25,2023-05-25,5,25,2023,61,"ALB",430,1337,"NA",148.24,NA,NA,"NA","2022 fish 4/14/2023 CL, big move",33.9069,-86.07179,"A","CL",NA,NA,21803.366933,c(-86.07179, 33.9069000000001),3.28571428571429,905.776579720425,6340.43605804297
"129",23,23104.6098818539,2023-06-17,2023-06-17,6,17,2023,61,"ALB",430,1337,"NA",148.24,NA,NA,"NA","CAUGHT AGAIN, 6/17/2023, CL, TJ",34.010097,-85.997069,"A","CL",NA,NA,0,c(-85.997069, 34.010097),3.28571428571429,1004.54825573278,7031.83779012944
"130",6,117.095648796074,2023-06-23,2023-06-23,6,23,2023,61,"ALB",430,1337,"NA",148.24,NA,NA,"NA","6/17/2023, CL, TJ",34.00931,-85.99792,"A","CL",NA,NA,117.069013,c(-85.99792, 34.00931),0.857142857142857,19.5159414660123,136.611590262086
"131",14,139.852889654981,2023-07-07,2023-07-07,7,7,2023,61,"ALB",430,1337,"NA",148.24,NA,NA,"NA","6/17/2023, CL, TJ",34.00825,-85.99852,"A","CL",NA,NA,246.65616,c(-85.99852, 34.00825),2,9.98949211821291,69.9264448274904
"132",11,10.2109278031281,2023-07-18,2023-07-18,7,18,2023,61,"ALB",430,1337,"NA",148.24,NA,NA,"NA","6/17/2023, CL, TJ,",34.00816,-85.99853,"A","CL",NA,NA,255.549633,c(-85.99853, 34.00816),1.57142857142857,0.928266163920738,6.49786314744516
"133",83,4.43690134853822,2023-10-09,2023-10-09,10,9,2023,61,"ALB",430,1337,"NA",148.24,NA,NA,"NA",NA,34.00818,-85.99854,"D","CL",NA,NA,0,c(-85.9985399999999, 34.00818),11.8571428571429,0.0534566427534725,0.374196499274308
"134",79,44.8668869067305,2023-07-17,2023-07-17,7,17,2023,50,"LMB",511,1432,"NA",150.333,"L-88","150.333L-88",NA,"4/29/23, Canoe, Reported (said no transmitter)",33.86497,-86.10351,"D","CC",NA,NA,40.056685,c(-86.10351, 33.86497),11.2857142857143,0.567935277300387,3.97554694110271
"135",17,15.992618409211,2023-08-03,2023-08-03,8,3,2023,50,"LMB",511,1432,"NA",150.333,"L-88","150.333L-88",NA,"4/29/23, Canoe, Reported (said no transmitter), REMOVE",33.86509,-86.10359,"D","CC",NA,NA,39.514548,c(-86.1035899999999, 33.8650900000001),2.42857142857143,0.940742259365355,6.58519581555749
"136",23,10.2147076830745,2023-08-26,2023-08-26,8,26,2023,50,"LMB",511,1432,"NA",150.333,"L-88","150.333L-88",NA,"4/29/23, Canoe, Reported (said no transmitter)",33.86498,-86.10364,"D","CC",NA,NA,28.806707,c(-86.10364, 33.8649800000001),3.28571428571429,0.444117725351066,3.10882407745746
"137",15,11.103681481096,2023-09-10,2023-09-10,9,10,2023,50,"LMB",511,1432,"NA",150.333,"L-88","150.333L-88",NA,"4/29/23, Canoe, Reported (said no transmitter)",33.86499,-86.10373,"D","CC",NA,NA,22.571924,c(-86.10373, 33.86499),2.14285714285714,0.740245432073065,5.18171802451145
"138",14,14.8049086414613,2023-09-24,2023-09-24,9,24,2023,50,"LMB",511,1432,"NA",150.333,"L-88","150.333L-88",NA,NA,33.86501,-86.1036,"D","CC",NA,NA,0,c(-86.1036, 33.86501),2,1.05749347439009,7.40245432073065
"139",14,3.70122716036532,2023-10-08,2023-10-08,10,8,2023,50,"LMB",511,1432,"NA",150.333,"L-88","150.333L-88",NA,NA,33.86501,-86.10361,"D","CC",NA,NA,0,c(-86.1036099999999, 33.86501),2,0.264373368597523,1.85061358018266
"140",15,3.70122716036532,2023-10-23,2023-10-23,10,23,2023,50,"LMB",511,1432,"NA",150.333,"L-88","150.333L-88",NA,NA,33.865,-86.1036,"D","CC",NA,NA,0,c(-86.1036, 33.8650000000001),2.14285714285714,0.246748477357688,1.72723934150382
"141",11,11.5558204271362,2023-11-03,2023-11-03,11,3,2023,50,"LMB",511,1432,"NA",150.333,"L-88","150.333L-88",NA,NA,33.86506,-86.10367,"D","CC",NA,NA,0,c(-86.10367, 33.86506),1.57142857142857,1.05052912973966,7.3537039081776
"142",13,13.3103940329977,2023-11-16,2023-11-16,11,16,2023,50,"LMB",511,1432,"NA",150.333,"L-88","150.333L-88",NA,NA,33.86496,-86.10367,"D","CC",NA,NA,0,c(-86.10367, 33.8649600000001),1.85714285714286,1.02387646407675,7.16713524853723
"143",17,3.70122888639188,2023-12-03,2023-12-03,12,3,2023,50,"LMB",511,1432,"NA",150.333,"L-88","150.333L-88",NA,NA,33.86497,-86.10363,"D","CC",NA,NA,0,c(-86.10363, 33.86497),2.42857142857143,0.217719346258346,1.52403542380842
"144",15,4.43679795373892,2023-12-18,2023-12-18,12,18,2023,50,"LMB",511,1432,"NA",150.333,"L-88","150.333L-88",NA,NA,33.86492,-86.10364,"D","CC",NA,NA,0,c(-86.10364, 33.86492),2.14285714285714,0.295786530249261,2.07050571174483
"145",16,13.3103939458708,2024-01-03,2024-01-03,1,3,2024,50,"LMB",511,1432,"NA",150.333,"L-88","150.333L-88",NA,NA,33.86502,-86.10362,"D","CC","Removed 1/16/23",NA,0,c(-86.10362, 33.8650200000001),2.28571428571429,0.831899621616925,5.82329735131848
"146",23,489.880116329926,2023-12-04,2023-12-04,12,4,2023,167,"LMB",532,1444,"1443",150.222,"I-16","150.222I-16","U",NA,34.00662,-86.00029,"A","CL",NA,NA,0,c(-86.0002899999999, 34.0066200000001),3.28571428571429,21.2991354926055,149.093948448238
"147",15,5638.6594017611,2023-12-19,2023-12-19,12,19,2023,167,"LMB",532,1444,"1443",150.222,"I-16","150.222I-16","U",NA,34.01234,-85.95349,"A","CL",NA,NA,0,c(-85.95349, 34.0123400000001),2.14285714285714,375.910626784074,2631.37438748852
"148",16,93.2978080834011,2024-01-04,2024-01-04,1,4,2024,167,"LMB",532,1444,"1443",150.222,"I-16","150.222I-16","U",NA,34.0125,-85.95257,"A","CL",NA,NA,0,c(-85.95257, 34.0125),2.28571428571429,5.83111300521257,40.817791036488
"149",37,373.80124577891,2024-02-10,2024-02-10,2,10,2024,167,"LMB",532,1444,"1443",150.222,"I-16","150.222I-16","U",NA,34.0145,-85.9546,"A","CL",NA,NA,0,c(-85.9546, 34.0145000000001),5.28571428571429,10.102736372403,70.7191546068208
"150",14,362.253471080323,2024-02-24,2024-02-24,2,24,2024,167,"LMB",532,1444,"1443",150.222,"I-16","150.222I-16","U",NA,34.01245,-85.95265,"A","CL",NA,NA,0,c(-85.9526499999999, 34.0124500000001),2,25.8752479343088,181.126735540161
"151",13,4602.30520987046,2023-07-07,2023-07-07,7,7,2023,45,"LMB",482,1450,"NA",150.222,"I-18","150.222I-18","U","6/24/23, CL, TJ",33.97872,-85.99521,"D","CL",NA,NA,4439.648746,c(-85.99521, 33.9787200000001),1.85714285714286,354.023477682343,2478.1643437764
"152",11,5.77482696759844,2023-07-18,2023-07-18,7,18,2023,45,"LMB",482,1450,"NA",150.222,"I-18","150.222I-18","U","6/24/23, CL, TJ, Remove?",33.97875,-85.9952,"D","CL",NA,NA,4442.212381,c(-85.9952, 33.97875),1.57142857142857,0.524984269781676,3.67488988847173
"153",17,5.77482696759844,2023-08-04,2023-08-04,8,4,2023,45,"LMB",482,1450,"NA",150.222,"I-18","150.222I-18","U","6/24/23, CL, TJ, Remove",33.97871,-85.99524,"D","CL",NA,NA,4439.637936,c(-85.99524, 33.97871),2.42857142857143,0.339695703976379,2.37786992783465
"154",23,5.77482696759844,2023-08-27,2023-08-27,8,27,2023,45,"LMB",482,1450,"NA",150.222,"I-18","150.222I-18","U","6/24/23, CL, TJ, Remove",33.97874,-85.9952,"D","CL",NA,NA,4441.221482,c(-85.9952, 33.9787400000001),3.28571428571429,0.251079433373845,1.75755603361692
"155",15,0,2023-09-11,2023-09-11,9,11,2023,45,"LMB",482,1450,"NA",150.222,"I-18","150.222I-18","U","6/24/23, CL, TJ, Remove",33.97875,-85.9952,"D","CL",NA,NA,4442.212381,c(-85.9952, 33.97875),2.14285714285714,0,0
"156",14,5.77482696759844,2023-09-25,2023-09-25,9,25,2023,45,"LMB",482,1450,"NA",150.222,"I-18","150.222I-18","U",NA,33.97871,-85.99522,"D","CL",NA,NA,0,c(-85.99522, 33.97871),2,0.412487640542745,2.88741348379922
"157",14,0,2023-10-09,2023-10-09,10,9,2023,45,"LMB",482,1450,"NA",150.222,"I-18","150.222I-18","U",NA,33.97872,-85.99522,"D","CL",NA,NA,0,c(-85.99522, 33.9787200000001),2,0,0
"158",14,5.77482805293441,2023-10-23,2023-10-23,10,23,2023,45,"LMB",482,1450,"NA",150.222,"I-18","150.222I-18","U",NA,33.97866,-85.99517,"D","CL","Tag on dry land on 11/3/2023, removed",NA,0,c(-85.99517, 33.97866),2,0.412487718066744,2.88741402646721
"159",16,5162.64123848668,2023-05-01,2023-05-01,5,1,2023,38,"LMB",485,1461,"NA",150.333,"J-34","150.333J-34","U","4/15/2023, CL, REPORTED",34.00746,-85.95587,"A","CL",NA,NA,4852.313141,c(-85.9558699999999, 34.00746),2.28571428571429,322.665077405418,2258.65554183792
"160",8,123.38215202682,2023-05-09,2023-05-09,5,9,2023,38,"LMB",485,1461,"NA",150.333,"J-34","150.333J-34","U","4/15/2023, CL, REPORTED",34.00853,-85.95561,"A","CL",NA,NA,4798.226212,c(-85.95561, 34.0085300000001),1.14285714285714,15.4227690033525,107.959383023468
"161",16,86.975360725596,2023-05-25,2023-05-25,5,25,2023,38,"LMB",485,1461,"NA",150.333,"J-34","150.333J-34","U","4/15/2023, CL, REPORTED",34.00775,-85.95556,"A","CL",NA,NA,4836.983352,c(-85.9555599999999, 34.00775),2.28571428571429,5.43596004534975,38.0517203174483
"162",12,45.7294196564965,2023-06-06,2023-06-06,6,6,2023,38,"LMB",485,1461,"NA",150.333,"J-34","150.333J-34","U","4/15/2023, CL, REPORTED",34.00751,-85.95592,"A","CL",NA,NA,4845.141506,c(-85.9559199999999, 34.00751),1.71428571428571,3.81078497137471,26.675494799623
"163",15,49.2920782495011,2023-06-21,2023-06-21,6,21,2023,38,"LMB",485,1461,"NA",150.333,"J-34","150.333J-34","U","4/15/2023, CL, REPORTED",34.00788,-85.95561,"A","CL",NA,NA,4823.090523,c(-85.95561, 34.0078800000001),2.14285714285714,3.28613854996674,23.0029698497672
"164",16,522.355034018128,2023-07-07,2023-07-07,7,7,2023,38,"LMB",485,1461,"NA",150.333,"J-34","150.333J-34","U","4/15/2023, CL, REPORTED",34.00953,-85.95853,"A","CL",NA,NA,4366.613651,c(-85.9585299999999, 34.00953),2.28571428571429,32.647189626133,228.530327382931
"165",11,67.4356235623684,2023-07-18,2023-07-18,7,18,2023,38,"LMB",485,1461,"NA",150.333,"J-34","150.333J-34","U","4/15/2023, CL, REPORTED",34.00969,-85.95789,"A","CL",NA,NA,4416.34008,c(-85.95789, 34.00969),1.57142857142857,6.13051123294258,42.9135786305981
"166",16,44.1129065093507,2023-08-03,2023-08-03,8,3,2023,38,"LMB",485,1461,"NA",150.333,"J-34","150.333J-34","U","4/15/2023, CL, REPORTED",34.0094,-85.95824,"A","CL",NA,NA,4396.871731,c(-85.95824, 34.0094),2.28571428571429,2.75705665683442,19.2993965978409
"167",24,444.524287539948,2023-08-27,2023-08-27,8,27,2023,38,"LMB",485,1461,"NA",150.333,"J-34","150.333J-34","U","4/15/2023, CL, REPORTED",34.00836,-85.95595,"A","CL",NA,NA,4766.015272,c(-85.95595, 34.00836),3.42857142857143,18.5218453141645,129.652917199152
"168",15,412.980158143728,2023-09-11,2023-09-11,9,11,2023,38,"LMB",485,1461,"NA",150.333,"J-34","150.333J-34","U","4/15/2023, CL, REPORTED",34.00959,-85.95793,"A","CL",NA,NA,4416.087988,c(-85.95793, 34.0095900000001),2.14285714285714,27.5320105429152,192.724073800406
"169",14,285.314596727769,2023-09-25,2023-09-25,9,25,2023,38,"LMB",485,1461,"NA",150.333,"J-34","150.333J-34","U",NA,34.0105,-85.95544,"A","CL",NA,NA,0,c(-85.95544, 34.0105),2,20.3796140519835,142.657298363884
"170",14,285.909715184628,2023-10-09,2023-10-09,10,9,2023,38,"LMB",485,1461,"NA",150.333,"J-34","150.333J-34","U",NA,34.00964,-85.95802,"A","CL",NA,NA,0,c(-85.95802, 34.00964),2,20.4221225131877,142.954857592314
"171",14,467.157565407421,2023-10-23,2023-10-23,10,23,2023,38,"LMB",485,1461,"NA",150.333,"J-34","150.333J-34","U",NA,34.00802,-85.95555,"A","CL",NA,NA,0,c(-85.95555, 34.00802),2,33.3683975291015,233.57878270371
"172",25,253.843430377331,2023-11-17,2023-11-17,11,17,2023,38,"LMB",485,1461,"NA",150.333,"J-34","150.333J-34","U",NA,34.00689,-85.95412,"A","CL",NA,NA,0,c(-85.95412, 34.0068900000001),3.57142857142857,10.1537372150932,71.0761605056526
"173",17,39.49275492974,2023-12-04,2023-12-04,12,4,2023,38,"LMB",485,1461,"NA",150.333,"J-34","150.333J-34","U",NA,34.00677,-85.95374,"A","CL",NA,NA,0,c(-85.95374, 34.0067700000001),2.42857142857143,2.32310323116117,16.2617226181282
"174",15,26.3285295085474,2023-12-19,2023-12-19,12,19,2023,38,"LMB",485,1461,"NA",150.333,"J-34","150.333J-34","U",NA,34.00669,-85.95349,"A","CL",NA,NA,0,c(-85.95349, 34.00669),2.14285714285714,1.75523530056982,12.2866471039888
"175",16,22.1706134592686,2024-01-04,2024-01-04,1,4,2024,38,"LMB",485,1461,"NA",150.333,"J-34","150.333J-34","U",NA,34.00669,-85.95374,"A","CL",NA,NA,0,c(-85.95374, 34.00669),2.28571428571429,1.38566334120429,9.69964338843002
"176",22,177.136872296278,2024-01-26,2024-01-26,1,26,2024,38,"LMB",485,1461,"NA",150.333,"J-34","150.333J-34","U",NA,34.00695,-85.9555,"A","CL",NA,NA,0,c(-85.9555, 34.0069500000001),3.14285714285714,8.05167601346719,56.3617320942703
"177",15,199.721192914923,2024-02-10,2024-02-10,2,10,2024,38,"LMB",485,1461,"NA",150.333,"J-34","150.333J-34","U",NA,34.00865,-85.95559,"A","CL",NA,NA,0,c(-85.95559, 34.00865),2.14285714285714,13.3147461943282,93.2032233602974
"178",13,1361.75959895494,2023-06-22,2023-06-22,6,22,2023,106,"LMB",418,1600,"NA",150.333,"I-16","150.333I-16","L","CAUGHT on 6/9/2023, Canoe, Reported",33.85903,-86.09251,"A","CC",NA,NA,1247.716345,c(-86.0925099999999, 33.8590300000001),1.85714285714286,104.75073838115,733.255168668047
"179",14,4308.07441351211,2023-07-06,2023-07-06,7,6,2023,106,"LMB",418,1600,"NA",150.333,"I-16","150.333I-16","L","CAUGHT on 6/9/2023, Canoe, Reported",33.89242,-86.11052,"A","CC",NA,NA,3141.164587,c(-86.11052, 33.8924200000001),2,307.719600965151,2154.03720675605
"180",11,794.657392607131,2023-07-17,2023-07-17,7,17,2023,106,"LMB",418,1600,"NA",150.333,"I-16","150.333I-16","L","CAUGHT on 6/9/2023, Canoe, Reported",33.88587,-86.11249,"A","CC",NA,NA,2549.019821,c(-86.11249, 33.8858700000001),1.57142857142857,72.2415811461028,505.69106802272
"181",17,96.7793485687798,2023-08-03,2023-08-03,8,3,2023,106,"LMB",418,1600,"NA",150.333,"I-16","150.333I-16","L","CAUGHT on 6/9/2023, Canoe, Reported",33.88669,-86.11275,"D","CC",NA,NA,2636.662517,c(-86.1127499999999, 33.88669),2.42857142857143,5.69290285698705,39.8503199989093
"182",23,5.77732445112506,2023-08-26,2023-08-26,8,26,2023,106,"LMB",418,1600,"NA",150.333,"I-16","150.333I-16","L","CAUGHT on 6/9/2023, Canoe, Reported",33.88665,-86.11269,"D","CC",NA,NA,2630.575587,c(-86.11269, 33.88665),3.28571428571429,0.251188019614133,1.75831613729893
"183",15,5.77732445112506,2023-09-10,2023-09-10,9,10,2023,106,"LMB",418,1600,"NA",150.333,"I-16","150.333I-16","L","CAUGHT on 6/9/2023, Canoe, Reported",33.88667,-86.11266,"D","CC",NA,NA,2630.583201,c(-86.1126599999999, 33.88667),2.14285714285714,0.385154963408337,2.69608474385836
"184",14,22.6555094555866,2023-09-24,2023-09-24,9,24,2023,106,"LMB",418,1600,"NA",150.333,"I-16","150.333I-16","L",NA,33.88675,-86.11288,"D","CC",NA,NA,0,c(-86.11288, 33.8867500000001),2,1.61825067539904,11.3277547277933
"185",14,5.77732228468005,2023-10-08,2023-10-08,10,8,2023,106,"LMB",418,1600,"NA",150.333,"I-16","150.333I-16","L",NA,33.88673,-86.11282,"D","CC",NA,NA,0,c(-86.1128199999999, 33.8867300000001),2,0.412665877477146,2.88866114234002
"186",15,5.77732228468005,2023-10-23,2023-10-23,10,23,2023,106,"LMB",418,1600,"NA",150.333,"I-16","150.333I-16","L",NA,33.88677,-86.11277,"D","CC",NA,NA,0,c(-86.11277, 33.8867700000001),2.14285714285714,0.38515481897867,2.69608373285069
"187",11,10.2141359306506,2023-11-03,2023-11-03,11,3,2023,106,"LMB",418,1600,"NA",150.333,"I-16","150.333I-16","L",NA,33.88667,-86.11273,"D","CC",NA,NA,0,c(-86.1127299999999, 33.88667),1.57142857142857,0.928557811877324,6.49990468314127
"188",13,15.9914635471332,2023-11-16,2023-11-16,11,16,2023,106,"LMB",418,1600,"NA",150.333,"I-16","150.333I-16","L",NA,33.88654,-86.11265,"D","CC",NA,NA,0,c(-86.11265, 33.88654),1.85714285714286,1.23011258054871,8.61078806384097
"189",17,24.7325593841219,2023-12-03,2023-12-03,12,3,2023,106,"LMB",418,1600,"NA",150.333,"I-16","150.333I-16","L",NA,33.88669,-86.11246,"D","CC",NA,NA,0,c(-86.1124599999999, 33.88669),2.42857142857143,1.45485643436011,10.1839950405208
"190",15,28.8866330987995,2023-12-18,2023-12-18,12,18,2023,106,"LMB",418,1600,"NA",150.333,"I-16","150.333I-16","L",NA,33.88649,-86.11225,"D","CC",NA,NA,0,c(-86.11225, 33.88649),2.14285714285714,1.92577553991997,13.4804287794398
"191",16,54.334931534485,2024-01-03,2024-01-03,1,3,2024,106,"LMB",418,1600,"NA",150.333,"I-16","150.333I-16","L",NA,33.88659,-86.11278,"D","CC","Removed 1/16/23",NA,0,c(-86.11278, 33.8865900000001),2.28571428571429,3.39593322090531,23.7715325463372
"192",4,344.131138827483,2023-06-21,2023-06-21,6,21,2023,33,"LMB",411,1707,"NA",150.132,"I-15","150.132I-15","U","6/17/2023, CL, TJ",34.00753,-85.99888,"A","CL",NA,NA,332.48666,c(-85.99888, 34.00753),0.571428571428571,86.0327847068709,602.229492948096
"193",16,11.0851975871624,2023-07-07,2023-07-07,7,7,2023,33,"LMB",411,1707,"NA",150.132,"I-15","150.132I-15","U","6/17/2023, CL, TJ",34.00752,-85.99873,"A","CL",NA,NA,327.763752,c(-85.99873, 34.0075200000001),2.28571428571429,0.692824849197649,4.84977394438355
"194",11,13.1641777356023,2023-07-18,2023-07-18,7,18,2023,33,"LMB",411,1707,"NA",150.132,"I-15","150.132I-15","U","6/17/2023, CL, TJ",34.00747,-85.99885,"A","CL",NA,NA,336.666861,c(-85.9988499999999, 34.0074700000001),1.57142857142857,1.1967434305093,8.3772040135651
"195",17,113.657359924567,2023-08-04,2023-08-04,8,4,2023,33,"LMB",411,1707,"NA",150.132,"I-15","150.132I-15","U","6/17/2023, CL, TJ",34.00837,-85.99839,"A","CL",NA,NA,228.710301,c(-85.99839, 34.0083700000001),2.42857142857143,6.68572705438629,46.800089380704
"196",23,4.4369014640845,2023-08-27,2023-08-27,8,27,2023,33,"LMB",411,1707,"NA",150.132,"I-15","150.132I-15","U","6/17/2023, CL, TJ",34.00831,-85.99839,"A","CL",NA,NA,235.02208,c(-85.99839, 34.0083100000001),3.28571428571429,0.192908759308022,1.35036131515615
"197",15,0,2023-09-11,2023-09-11,9,11,2023,33,"LMB",411,1707,"NA",150.132,"I-15","150.132I-15","U","6/17/2023, CL, TJ",34.00833,-85.99837,"A","CL",NA,NA,232.376842,c(-85.99837, 34.0083300000001),2.14285714285714,0,0
"198",14,5.77402319646832,2023-09-25,2023-09-25,9,25,2023,33,"LMB",411,1707,"NA",150.132,"I-15","150.132I-15","U",NA,34.00836,-85.99834,"A","CL",NA,NA,0,c(-85.99834, 34.00836),2,0.412430228319165,2.88701159823416
"199",14,10.2109225154134,2023-10-09,2023-10-09,10,9,2023,33,"LMB",411,1707,"NA",150.132,"I-15","150.132I-15","U",NA,34.00843,-85.99838,"A","CL",NA,NA,0,c(-85.9983799999999, 34.00843),2,0.729351608243812,5.10546125770668
"200",14,14.6478239794979,2023-10-23,2023-10-23,10,23,2023,33,"LMB",411,1707,"NA",150.132,"I-15","150.132I-15","U",NA,34.00831,-85.99836,"D","CL","Tag on dry land on 11/3/2023, removed",NA,0,c(-85.9983599999999, 34.0083100000001),2,1.0462731413927,7.32391198974893
"201",6,91.9322816354346,2023-11-03,2023-11-03,11,3,2023,178,"LMB",420,1745,NA,150.132,"I-12","150.132I-12","U",NA,33.86561,-86.1043,"A","CC",NA,NA,0,c(-86.1043, 33.8656100000001),0.857142857142857,15.3220469392391,107.254328574674
"202",13,1380.53506579782,2023-11-16,2023-11-16,11,16,2023,178,"LMB",420,1745,NA,150.132,"I-12","150.132I-12","U",NA,33.86005,-86.09826,"A","CC",NA,NA,0,c(-86.09826, 33.8600500000001),1.85714285714286,106.195005061371,743.365035429595
"203",17,368.205427195354,2023-12-03,2023-12-03,12,3,2023,178,"LMB",420,1745,NA,150.132,"I-12","150.132I-12","U",NA,33.85835,-86.09563,"A","CC",NA,NA,0,c(-86.09563, 33.85835),2.42857142857143,21.6591427761973,151.613999433381
"204",31,179.789267023929,2024-01-03,2024-01-03,1,3,2024,178,"LMB",420,1745,NA,150.132,"I-12","150.132I-12","U",NA,33.85912,-86.09676,"A","CC",NA,NA,0,c(-86.09676, 33.8591200000001),4.42857142857143,5.79965377496546,40.5975764247582
"205",23,147.85757081595,2024-01-26,2024-01-26,1,26,2024,178,"LMB",420,1745,NA,150.132,"I-12","150.132I-12","U",NA,33.86032,-86.09717,"A","CC",NA,NA,0,c(-86.0971699999999, 33.8603200000001),3.28571428571429,6.42859003547608,45.0001302483326
"206",14,165.035072183556,2024-02-09,2024-02-09,2,9,2024,178,"LMB",420,1745,NA,150.132,"I-12","150.132I-12","U",NA,33.85929,-86.09837,"A","CC",NA,NA,0,c(-86.09837, 33.85929),2,11.7882194416825,82.5175360917778
"207",14,112.261100921664,2024-02-23,2024-02-23,2,23,2024,178,"LMB",420,1745,NA,150.132,"I-12","150.132I-12","U",NA,33.86028,-86.09844,"A","CC",NA,NA,0,c(-86.09844, 33.86028),2,8.01865006583314,56.130550460832
"208",18,823.19540630362,2023-04-13,2023-04-13,4,13,2023,199,"ALB",452,1754,"NA",150.222,"L-98","150.222L-98","U","3/26/2023 CL",34.0038333333,-86.0009666667,"A","CL",NA,NA,784.834678,c(-86.0009666669999, 34.003833333),2.57142857142857,45.7330781279789,320.131546895852
"209",17,42.0352826587515,2023-04-30,2023-04-30,4,30,2023,199,"ALB",452,1754,"NA",150.222,"L-98","150.222L-98","U","3/26/2023 CL",34.00409,-86.00068,"A","CL",NA,NA,748.593556,c(-86.00068, 34.0040900000001),2.42857142857143,2.47266368580891,17.3086458006624
"210",9,57.2544691277384,2023-05-09,2023-05-09,5,9,2023,199,"ALB",452,1754,"NA",150.222,"L-98","150.222L-98","U","3/26/2023 CL",34.00456,-86.00077,"A","CL",NA,NA,704.97048,c(-86.00077, 34.00456),1.28571428571429,6.36160768085982,44.5312537660187
"211",16,1203.72502587139,2023-05-25,2023-05-25,5,25,2023,199,"ALB",452,1754,"NA",150.222,"L-98","150.222L-98","U","3/26/2023 CL",34.01364,-85.99492,"A","CL",NA,NA,439.723949,c(-85.99492, 34.0136400000001),2.28571428571429,75.2328141169618,526.629698818732
"212",27,33.7165652781086,2023-06-21,2023-06-21,6,21,2023,199,"ALB",452,1754,"NA",150.222,"L-98","150.222L-98","U","3/26/2023 CL",34.01355,-85.99523,"A","CL",NA,NA,418.778688,c(-85.9952299999999, 34.0135500000001),3.85714285714286,1.24876167696699,8.7413317387689
"213",16,13.1634858731336,2023-07-07,2023-07-07,7,7,2023,199,"ALB",452,1754,"NA",150.222,"L-98","150.222L-98","U","3/26/2023 CL",34.01358,-85.9951,"A","CL",NA,NA,426.937468,c(-85.9951, 34.01358),2.28571428571429,0.822717867070852,5.75902506949596
"214",11,476.660188776288,2023-07-18,2023-07-18,7,18,2023,199,"ALB",452,1754,"NA",150.222,"L-98","150.222L-98","U","3/26/2023 CL",34.01552,-85.99104,"A","CL",NA,NA,819.870267,c(-85.9910399999999, 34.01552),1.57142857142857,43.332744434208,303.329211039456
"215",17,4.43690663742307,2023-08-04,2023-08-04,8,4,2023,199,"ALB",452,1754,"NA",150.222,"L-98","150.222L-98","U","3/26/2023 CL",34.01546,-85.99102,"A","CL",NA,NA,816.891394,c(-85.9910199999999, 34.0154600000001),2.42857142857143,0.26099450808371,1.82696155658597
"216",23,558.64689507445,2023-08-27,2023-08-27,8,27,2023,199,"ALB",452,1754,"NA",150.222,"L-98","150.222L-98","U","3/26/2023 CL",34.01313,-85.99574,"A","CL",NA,NA,357.750463,c(-85.99574, 34.01313),3.28571428571429,24.2889954380195,170.022968066137
"217",15,498.830317637702,2023-09-11,2023-09-11,9,11,2023,199,"ALB",452,1754,"NA",150.222,"L-98","150.222L-98","U","3/26/2023 CL",34.01505,-85.99144,"A","CL",NA,NA,757.382181,c(-85.99144, 34.01505),2.14285714285714,33.2553545091801,232.787481564261
"218",14,701.156034541634,2023-09-25,2023-09-25,9,25,2023,199,"ALB",452,1754,"NA",150.222,"L-98","150.222L-98","U",NA,34.01135,-85.99695,"A","CL",NA,NA,0,c(-85.99695, 34.01135),2,50.082573895831,350.578017270817
"219",14,11.5478801531218,2023-10-09,2023-10-09,10,9,2023,199,"ALB",452,1754,"NA",150.222,"L-98","150.222L-98","U",NA,34.01142,-85.99702,"D","CL",NA,NA,0,c(-85.99702, 34.01142),2,0.82484858236584,5.77394007656088
"220",14,19.0846504285532,2023-10-23,2023-10-23,10,23,2023,199,"ALB",452,1754,"NA",150.222,"L-98","150.222L-98","U",NA,34.01129,-85.99698,"D","CL",NA,NA,0,c(-85.99698, 34.01129),2,1.36318931632523,9.54232521427659
"221",11,5.77394279236843,2023-11-03,2023-11-03,11,3,2023,199,"ALB",452,1754,"NA",150.222,"L-98","150.222L-98","U",NA,34.01133,-85.99696,"D","CL","Tag on dry land on 11/3/2023, removed",NA,0,c(-85.9969599999999, 34.01133),1.57142857142857,0.524903890215312,3.67432723150718
"222",730503,411.532395075598,2023-05-25,2023-05-25,5,25,2023,123,"ALB",458,1755,"1756",150.132,"I-3","150.132I-3","L","5/7/23, CL, REPORTED",34.01332,-85.99551,"A","CL",NA,NA,384.783111,c(-85.99551, 34.0133200000001),104357.571428571,0.000563354832321836,0.00394348382625285
"223",28,11479.2991165621,2023-06-22,2023-06-22,6,22,2023,123,"ALB",458,1755,"1756",150.132,"I-3","150.132I-3","L","5/7/23, CL, REPORTED",33.93302,-85.97149,"A","CL",NA,NA,10547.268982,c(-85.97149, 33.9330200000001),4,409.974968448648,2869.82477914054
"224",15,27.9657990266874,2023-07-07,2023-07-07,7,7,2023,123,"ALB",458,1755,"1756",150.132,"I-3","150.132I-3","L","5/7/23, CL, REPORTED",33.93299,-85.97122,"D","CL",NA,NA,10525.017701,c(-85.97122, 33.9329900000001),2.14285714285714,1.86438660177916,13.0507062124541
"225",11,24.2675201845246,2023-07-18,2023-07-18,7,18,2023,123,"ALB",458,1755,"1756",150.132,"I-3","150.132I-3","L","5/7/23, CL, REPORTED, Remove?",33.93295,-85.97146,"D","CL",NA,NA,10546.95584,c(-85.97146, 33.9329500000001),1.57142857142857,2.20613819859315,15.442967390152
"226",17,20.5692298810164,2023-08-04,2023-08-04,8,4,2023,123,"ALB",458,1755,"1756",150.132,"I-3","150.132I-3","L","5/7/23, CL, REPORTED, Remove",33.93301,-85.97127,"D","CL",NA,NA,10528.005151,c(-85.9712699999999, 33.93301),2.42857142857143,1.20995469888332,8.46968289218321
"227",22,5.7760675789167,2023-08-26,2023-08-26,8,26,2023,123,"ALB",458,1755,"1756",150.132,"I-3","150.132I-3","L","5/7/23, CL, REPORTED, Remove",33.93302,-85.97124,"D","CL",NA,NA,10525.402234,c(-85.97124, 33.9330200000001),3.14285714285714,0.262548526314395,1.83783968420077
"228",15,14.7931542976379,2023-09-10,2023-09-10,9,10,2023,123,"ALB",458,1755,"1756",150.132,"I-3","150.132I-3","L","5/7/23, CL, REPORTED, Remove",33.93303,-85.97137,"D","CL",NA,NA,10536.26289,c(-85.97137, 33.93303),2.14285714285714,0.98621028650919,6.90347200556433
"229",15,7.39657715013282,2023-09-25,2023-09-25,9,25,2023,123,"ALB",458,1755,"1756",150.132,"I-3","150.132I-3","L","5/7/23, CL, REPORTED, Remove",33.93305,-85.97148,"D","CL",NA,NA,0,c(-85.97148, 33.93305),2.14285714285714,0.493105143342188,3.45173600339532
"230",14,13.1726447290495,2023-10-09,2023-10-09,10,9,2023,123,"ALB",458,1755,"1756",150.132,"I-3","150.132I-3","L",NA,33.93301,-85.97135,"D","CL",NA,NA,0,c(-85.97135, 33.93301),2,0.940903194932109,6.58632236452476
"231",14,15.2504287191252,2023-10-23,2023-10-23,10,23,2023,123,"ALB",458,1755,"1756",150.132,"I-3","150.132I-3","L",NA,33.93292,-85.97123,"D","CL",NA,NA,0,c(-85.9712299999999, 33.93292),2,1.08931633708037,7.62521435956261
"232",11,13.1726583572741,2023-11-03,2023-11-03,11,3,2023,123,"ALB",458,1755,"1756",150.132,"I-3","150.132I-3","L",NA,33.93289,-85.97134,"D","CL",NA,NA,0,c(-85.9713399999999, 33.93289),1.57142857142857,1.19751439611583,8.38260077281078
"233",13,19.0866086135828,2023-11-16,2023-11-16,11,16,2023,123,"ALB",458,1755,"1756",150.132,"I-3","150.132I-3","L",NA,33.93302,-85.97138,"D","CL",NA,NA,0,c(-85.97138, 33.9330200000001),1.85714285714286,1.46820066258329,10.277404638083
"234",18,11.0948657232284,2023-12-04,2023-12-04,12,4,2023,123,"ALB",458,1755,"1756",150.132,"I-3","150.132I-3","L",NA,33.93305,-85.97126,"D","CL",NA,NA,0,c(-85.97126, 33.93305),2.57142857142857,0.616381429068244,4.31467000347771
"235",15,9.47435333924,2023-12-19,2023-12-19,12,19,2023,123,"ALB",458,1755,"1756",150.132,"I-3","150.132I-3","L",NA,33.93306,-85.97134,"D","CL",NA,NA,0,c(-85.9713399999999, 33.9330600000001),2.14285714285714,0.631623555949333,4.42136489164533
"236",16,15.2504209181567,2024-01-04,2024-01-04,1,4,2024,123,"ALB",458,1755,"1756",150.132,"I-3","150.132I-3","L",NA,33.933,-85.97124,"D","CL","Removed 1/16/23",NA,0,c(-85.97124, 33.933),2.28571428571429,0.953151307384794,6.67205915169356
"237",24,1801.19925731072,2023-05-09,2023-05-09,5,9,2023,0,"ALB",527,2268,"NA",148.594,NA,NA,"NA","CL, TJ, 4/15/23",33.99525,-86.0017,"A","CL",NA,NA,1714.624589,c(-86.0017, 33.9952500000001),3.42857142857143,75.0499690546135,525.349783382295
"238",16,18.9399554076097,2023-05-25,2023-05-25,5,25,2023,0,"ALB",527,2268,"NA",148.594,NA,NA,"NA","CL, TJ, 4/15/23",33.99514,-86.00156,"A","CL",NA,NA,1724.08741,c(-86.00156, 33.99514),2.28571428571429,1.18374721297561,8.28623049082926
"239",12,143.381971457412,2023-06-06,2023-06-06,6,6,2023,0,"ALB",527,2268,"NA",148.594,NA,NA,"NA","CL, TJ, 4/15/23",33.99632,-86.00199,"D","CL",NA,NA,1609.150094,c(-86.00199, 33.99632),1.71428571428571,11.948497621451,83.6394833501569
"240",17,15.9855877423975,2023-06-23,2023-06-23,6,23,2023,0,"ALB",527,2268,"NA",148.594,NA,NA,"NA","CL, TJ, 4/15/23, remove?, pocket above 759 bridge West",33.99642,-86.00191,"D","CL",NA,NA,1596.501805,c(-86.00191, 33.9964200000001),2.42857142857143,0.940328690729262,6.58230083510484
"241",12,37.743660717337,2023-04-13,2023-04-13,4,13,2023,88,"ALB",350,2406,"NA",150.132,"I-26","150.132I-26","L","4/1/2023 CL, TJ",34.01035667,-85.99727167,"A","CL",NA,NA,33.941565,c(-85.99727167, 34.0103566700001),1.71428571428571,3.14530505977808,22.0171354184466
"242",17,338.919218786102,2023-04-30,2023-04-30,4,30,2023,88,"ALB",350,2406,"NA",150.132,"I-26","150.132I-26","L","4/1/2023 CL, TJ",34.01138,-85.99518,"A","CL",NA,NA,327.222629,c(-85.9951799999999, 34.01138),2.42857142857143,19.9364246344766,139.554972441336
"243",9,1496.98775966545,2023-05-09,2023-05-09,5,9,2023,88,"ALB",350,2406,"NA",150.132,"I-26","150.132I-26","L","4/1/2023 CL, TJ, last seen in semi-circle pit across from pump house",34.01914,-85.98518,"A","CL",NA,NA,1691.972975,c(-85.98518, 34.01914),1.28571428571429,166.331973296161,1164.32381307312
"244",7,266.622474436577,2023-07-18,2023-07-18,7,18,2023,31,"ALB",390,2407,"NA",150.222,"L-97","150.222L-97","U","7/11/23, CL, Reported",34.01191,-85.99527,"A","CL",NA,NA,261.091124,c(-85.9952699999999, 34.0119100000001),1,38.0889249195109,266.622474436577
"245",17,388.471229860051,2023-08-04,2023-08-04,8,4,2023,31,"ALB",390,2407,"NA",150.222,"L-97","150.222L-97","U","7/11/23, CL, Reported",34.00929,-85.99798,"A","CL",NA,NA,123.273974,c(-85.99798, 34.0092900000001),2.42857142857143,22.8512488152971,159.95874170708
"246",38,21.0169725332456,2023-09-11,2023-09-11,9,11,2023,31,"ALB",390,2407,"NA",150.222,"L-97","150.222L-97","U","7/11/23, CL, Reported",34.00938,-85.99784,"A","CL",NA,NA,107.19484,c(-85.9978399999999, 34.0093800000001),5.42857142857143,0.553078224559094,3.87154757191366
"247",14,30.4859551745192,2023-09-25,2023-09-25,9,25,2023,31,"ALB",390,2407,"NA",150.222,"L-97","150.222L-97","U",NA,34.00925,-85.99806,"D","CL",NA,NA,0,c(-85.99806, 34.0092500000001),2,2.17756822675137,15.2429775872596
"248",14,24.7119636939734,2023-10-09,2023-10-09,10,9,2023,31,"ALB",390,2407,"NA",150.222,"L-97","150.222L-97","U",NA,34.00937,-85.99787,"D","CL",NA,NA,0,c(-85.99787, 34.00937),2,1.76514026385524,12.3559818469867
"249",14,3.69498616688284,2023-10-23,2023-10-23,10,23,2023,31,"ALB",390,2407,"NA",150.222,"L-97","150.222L-97","U",NA,34.00936,-85.99791,"D","CL",NA,NA,0,c(-85.99791, 34.0093600000001),2,0.263927583348774,1.84749308344142
"250",11,11.0849585006485,2023-11-03,2023-11-03,11,3,2023,31,"ALB",390,2407,"NA",150.222,"L-97","150.222L-97","U",NA,34.00936,-85.99801,"D","CL",NA,NA,0,c(-85.99801, 34.0093600000001),1.57142857142857,1.00772350005896,7.0540645004127
"251",31,13.1639683675583,2023-12-04,2023-12-04,12,4,2023,31,"ALB",390,2407,"NA",150.222,"L-97","150.222L-97","U",NA,34.00933,-85.9979,"D","CL",NA,NA,0,c(-85.9979, 34.00933),4.42857142857143,0.424644140888977,2.97250898622284
"252",15,10.2108971334606,2023-12-19,2023-12-19,12,19,2023,31,"ALB",390,2407,"NA",150.222,"L-97","150.222L-97","U",NA,34.00938,-85.99787,"D","CL",NA,NA,0,c(-85.99787, 34.0093800000001),2.14285714285714,0.680726475564041,4.76508532894829
"253",16,10.2108971334606,2024-01-04,2024-01-04,1,4,2024,31,"ALB",390,2407,"NA",150.222,"L-97","150.222L-97","U",NA,34.0093,-85.99792,"D","CL","Removed 1/16/23",NA,0,c(-85.99792, 34.0093000000001),2.28571428571429,0.638181070841288,4.46726749588902
"254",3,21396.4639384432,2023-04-30,2023-04-30,4,30,2023,59,"LMB",479,2410,"NA",150.333,"L-98","150.333L-98","U","4/27/23, CL, Reported Error in report?",33.91745,-86.05886,"A","CL",NA,NA,20134.252789,c(-86.05886, 33.91745),0.428571428571429,7132.15464614775,49925.0825230342
"255",8,50.1448471511905,2023-05-08,2023-05-08,5,8,2023,59,"LMB",479,2410,"NA",150.333,"L-98","150.333L-98","U","4/27/23, CL, Reported",33.91698,-86.05882,"A","CL",NA,NA,20169.00793,c(-86.05882, 33.91698),1.14285714285714,6.26810589389882,43.8767412572917
"256",16,72.8329430029685,2023-05-24,2023-05-24,5,24,2023,59,"LMB",479,2410,"NA",150.333,"L-98","150.333L-98","U","4/27/23, CL, Reported",33.91757,-86.05851,"A","CL",NA,NA,20099.458972,c(-86.05851, 33.9175700000001),2.28571428571429,4.55205893768553,31.8644125637987
"257",28,14689.6474072736,2023-06-21,2023-06-21,6,21,2023,59,"LMB",479,2410,"NA",150.333,"L-98","150.333L-98","U","4/27/23, CL, Reported, MASSIVE MOVE",33.963,-85.97389,"D","CL",NA,NA,6357.643103,c(-85.97389, 33.9630000000001),4,524.630264545485,3672.4118518184
"258",16,19.0858566633345,2023-07-07,2023-07-07,7,7,2023,59,"LMB",479,2410,"NA",150.333,"L-98","150.333L-98","U","4/27/23, CL, Reported, Remove?",33.96315,-85.97387,"D","CL",NA,NA,6349.996605,c(-85.97387, 33.96315),2.28571428571429,1.19286604145841,8.35006229020885
"259",11,23.5227253608353,2023-07-18,2023-07-18,7,18,2023,59,"LMB",479,2410,"NA",150.333,"L-98","150.333L-98","U","4/27/23, CL, Reported, Remove?",33.96297,-85.97391,"D","CL",NA,NA,6357.641588,c(-85.97391, 33.96297),1.57142857142857,2.13842957825776,14.9690070478043
"260",17,5.77525473677959,2023-08-04,2023-08-04,8,4,2023,59,"LMB",479,2410,"NA",150.333,"L-98","150.333L-98","U","4/27/23, CL, Reported, Remove",33.96298,-85.97394,"D","CL",NA,NA,6355.422369,c(-85.97394, 33.9629800000001),2.42857142857143,0.339720866869387,2.37804606808571
"261",23,21.0227454811121,2023-08-27,2023-08-27,8,27,2023,59,"LMB",479,2410,"NA",150.333,"L-98","150.333L-98","U","4/27/23, CL, Reported, Remove",33.96311,-85.97411,"D","CL",NA,NA,6334.343544,c(-85.9741099999999, 33.96311),3.28571428571429,0.914032412222264,6.39822688555585
"262",15,13.1692224971772,2023-09-11,2023-09-11,9,11,2023,59,"LMB",479,2410,"NA",150.333,"L-98","150.333L-98","U","4/27/23, CL, Reported, Remove",33.96316,-85.97397,"D","CL",NA,NA,6341.902796,c(-85.97397, 33.9631600000001),2.14285714285714,0.877948166478479,6.14563716534936
"263",14,3.69698605056924,2023-09-25,2023-09-25,9,25,2023,59,"LMB",479,2410,"NA",150.333,"L-98","150.333L-98","U",NA,33.96314,-85.97402,"D","CL",NA,NA,0,c(-85.9740199999999, 33.9631400000001),2,0.264070432183517,1.84849302528462
"264",14,9.47223644529452,2023-10-09,2023-10-09,10,9,2023,59,"LMB",479,2410,"NA",150.333,"L-98","150.333L-98","U",NA,33.9631,-85.97396,"D","CL",NA,NA,0,c(-85.97396, 33.9631000000001),2,0.676588317521037,4.73611822264726
"265",14,10.2121202356759,2023-10-23,2023-10-23,10,23,2023,59,"LMB",479,2410,"NA",150.333,"L-98","150.333L-98","U",NA,33.96302,-85.97399,"D","CL",NA,NA,0,c(-85.97399, 33.96302),2,0.729437159691135,5.10606011783795
"266",24,5.77525256610586,2023-11-16,2023-11-16,11,16,2023,59,"LMB",479,2410,"NA",150.333,"L-98","150.333L-98","U",NA,33.96309,-85.97394,"D","CL",NA,NA,0,c(-85.97394, 33.9630900000001),3.42857142857143,0.240635523587744,1.68444866511421
"267",18,10.2121212944306,2023-12-04,2023-12-04,12,4,2023,59,"LMB",479,2410,"NA",150.333,"L-98","150.333L-98","U",NA,33.96299,-85.97389,"D","CL",NA,NA,0,c(-85.97389, 33.96299),2.57142857142857,0.56734007191281,3.97138050338967
"268",15,13.1692361370855,2023-12-19,2023-12-19,12,19,2023,59,"LMB",479,2410,"NA",150.333,"L-98","150.333L-98","U",NA,33.96305,-85.97401,"D","CL",NA,NA,0,c(-85.97401, 33.9630500000001),2.14285714285714,0.877949075805698,6.14564353063989
"269",16,15.9873706314613,2024-01-04,2024-01-04,1,4,2024,59,"LMB",479,2410,"NA",150.333,"L-98","150.333L-98","U",NA,33.96317,-85.97409,"D","CL","Removed 1/16/23",NA,0,c(-85.97409, 33.96317),2.28571428571429,0.999210664466331,6.99447465126432
"270",33,9289.14451042708,2023-04-13,2023-04-13,4,13,2023,6,"LMB",499,2411,"NA",150.132,"I-0","150.132I-0","U","3/11/2023 CL, TJ",34.00562167,-85.92642333,"A","CL",NA,NA,8696.713592,c(-85.92642333, 34.00562167),4.71428571428571,281.489227588699,1970.4245931209
"271",18,3438.20891277089,2023-05-01,2023-05-01,5,1,2023,6,"LMB",499,2411,"NA",150.132,"I-0","150.132I-0","U","3/11/2023 CL, TJ",34.00525,-85.90412,"A","CL",NA,NA,9911.425436,c(-85.90412, 34.00525),2.57142857142857,191.011606265049,1337.08124385535
"272",8,1724.31176170848,2023-05-09,2023-05-09,5,9,2023,6,"LMB",499,2411,"NA",150.132,"I-0","150.132I-0","U","3/11/2023 CL, TJ",34.01511,-85.91691,"A","CL",NA,NA,8296.845033,c(-85.91691, 34.01511),1.14285714285714,215.53897021356,1508.77279149492
"273",16,2871.2802027123,2023-05-25,2023-05-25,5,25,2023,6,"LMB",499,2411,"NA",150.132,"I-0","150.132I-0","U","3/11/2023 CL, TJ",34.01576,-85.94685,"A","CL",NA,NA,5554.162397,c(-85.94685, 34.0157600000001),2.28571428571429,179.455012669519,1256.18508868663
"274",12,26.3264629890414,2023-06-06,2023-06-06,6,6,2023,6,"LMB",499,2411,"NA",150.132,"I-0","150.132I-0","U","3/11/2023 CL, TJ",34.01582,-85.94662,"A","CL",NA,NA,5576.136728,c(-85.9466199999999, 34.0158200000001),1.71428571428571,2.19387191575345,15.3571034102742
"275",15,8.87381370938441,2023-06-21,2023-06-21,6,21,2023,6,"LMB",499,2411,"NA",150.132,"I-0","150.132I-0","U","3/11/2023 CL, TJ",34.01577,-85.94664,"A","CL",NA,NA,5571.069843,c(-85.9466399999999, 34.01577),2.14285714285714,0.591587580625627,4.14111306437939
"276",16,27.9420758043214,2023-07-07,2023-07-07,7,7,2023,6,"LMB",499,2411,"NA",150.132,"I-0","150.132I-0","U","3/11/2023 CL, TJ",34.0157,-85.94691,"A","CL",NA,NA,5546.006596,c(-85.9469099999999, 34.0157),2.28571428571429,1.74637973777009,12.2246581643906
"277",11,17.3214632841815,2023-07-18,2023-07-18,7,18,2023,6,"LMB",499,2411,"NA",150.132,"I-0","150.132I-0","U","3/11/2023 CL, TJ",34.01583,-85.94677,"A","CL",NA,NA,5565.323117,c(-85.94677, 34.0158300000001),1.57142857142857,1.57467848038014,11.022749362661
"278",16,5.77382000762597,2023-08-03,2023-08-03,8,3,2023,6,"LMB",499,2411,"NA",150.132,"I-0","150.132I-0","U","3/11/2023 CL, TJ",34.01579,-85.94676,"A","CL",NA,NA,5563.794938,c(-85.94676, 34.01579),2.28571428571429,0.360863750476623,2.52604625333636
"279",24,13.1632355043196,2023-08-27,2023-08-27,8,27,2023,6,"LMB",499,2411,"NA",150.132,"I-0","150.132I-0","U","3/11/2023 CL, TJ",34.01577,-85.94663,"A","CL",NA,NA,5571.915684,c(-85.94663, 34.01577),3.42857142857143,0.548468146013318,3.83927702209323
"280",15,27.9420758043214,2023-09-11,2023-09-11,9,11,2023,6,"LMB",499,2411,"NA",150.132,"I-0","150.132I-0","U","3/11/2023 CL, TJ",34.0157,-85.9469,"A","CL",NA,NA,5546.819729,c(-85.9469, 34.0157),2.14285714285714,1.86280505362143,13.03963537535
"281",14,21.0161687554371,2023-09-25,2023-09-25,9,25,2023,6,"LMB",499,2411,"NA",150.132,"I-0","150.132I-0","U",NA,34.01584,-85.94676,"A","CL",NA,NA,0,c(-85.94676, 34.01584),2,1.50115491110265,10.5080843777185
"282",14,3.69470547125557,2023-10-09,2023-10-09,10,9,2023,6,"LMB",499,2411,"NA",150.132,"I-0","150.132I-0","U",NA,34.01584,-85.94679,"D","CL",NA,NA,0,c(-85.94679, 34.01584),2,0.263907533661112,1.84735273562779
"283",14,10.2107268477858,2023-10-23,2023-10-23,10,23,2023,6,"LMB",499,2411,"NA",150.132,"I-0","150.132I-0","U",NA,34.01575,-85.94682,"D","CL","Tag on dry land on 11/3/2023, removed",NA,0,c(-85.9468199999999, 34.01575),2,0.729337631984696,5.10536342389288
"284",15,869.396269183954,2023-06-21,2023-06-21,6,21,2023,43,"LMB",476,2447,"NA",150.333,"L-90","150.333L-90","U","6/6/23, CL, Reported, second pocket E and up from CL",34.0152,-85.99058,"A","CL",NA,NA,839.307784,c(-85.99058, 34.0152),2.14285714285714,57.9597512789303,405.718258952512
"285",4,764.612305578356,2023-05-24,2023-05-24,5,24,2023,122,"ALB",400,4287,"NA",150.132,"I-21","150.132I-21","L","5/20/23, RAINBOW, REPORTED",33.93714,-86.03087,"A","RL",NA,NA,723.023179,c(-86.0308699999999, 33.9371400000001),0.571428571428571,191.153076394589,1338.07153476212
"286",12,Inf,2023-06-05,2023-06-05,6,5,2023,122,"ALB",400,4287,"NA",150.132,"I-21","150.132I-21","L","5/20/23, RAINBOW, REPORTED",33.94403,-86.02654,"A","RL",NA,NA,161.414296,c(-86.02654, 33.9440300000001),1.71428571428571,Inf,Inf
"287",17,Inf,2023-06-22,2023-06-22,6,22,2023,122,"ALB",400,4287,"NA",150.132,"I-21","150.132I-21","L","5/20/23, RAINBOW, REPORTED",33.94165,-86.03079,"A","RL",NA,NA,315.513009,c(-86.03079, 33.94165),2.42857142857143,Inf,Inf
"288",15,445.692156099959,2023-07-07,2023-07-07,7,7,2023,122,"ALB",400,4287,"NA",150.132,"I-21","150.132I-21","L","5/20/23, RAINBOW, REPORTED",33.93904,-86.03416,"D","RL",NA,NA,736.886012,c(-86.03416, 33.93904),2.14285714285714,29.7128104066639,207.989672846647
"289",10,4.43685142880406,2023-07-17,2023-07-17,7,17,2023,122,"ALB",400,4287,"NA",150.132,"I-21","150.132I-21","L","5/20/23, RAINBOW, REPORTED, Remove?",33.93906,-86.03413,"D","RL",NA,NA,734.079328,c(-86.0341299999999, 33.93906),1.42857142857143,0.443685142880406,3.10579600016284
"290",18,11.5518085765265,2023-08-04,2023-08-04,8,4,2023,122,"ALB",400,4287,"NA",150.132,"I-21","150.132I-21","L","5/20/23, RAINBOW, REPORTED, Remove",33.93898,-86.03422,"D","RL",NA,NA,745.957274,c(-86.0342199999999, 33.9389800000001),2.57142857142857,0.641767143140361,4.49237000198253
"291",22,11.5518085765265,2023-08-26,2023-08-26,8,26,2023,122,"ALB",400,4287,"NA",150.132,"I-21","150.132I-21","L","5/20/23, RAINBOW, REPORTED, Remove",33.93909,-86.03431,"D","RL",NA,NA,744.738646,c(-86.0343099999999, 33.9390900000001),3.14285714285714,0.525082208023932,3.67557545616752
"292",15,5.7759037454176,2023-09-10,2023-09-10,9,10,2023,122,"ALB",400,4287,"NA",150.132,"I-21","150.132I-21","L","5/20/23, RAINBOW, REPORTED, Remove",33.93903,-86.03426,"D","RL",NA,NA,745.933178,c(-86.03426, 33.9390300000001),2.14285714285714,0.385060249694507,2.69542174786155
"293",14,10.2127562032192,2023-09-24,2023-09-24,9,24,2023,122,"ALB",400,4287,"NA",150.132,"I-21","150.132I-21","L",NA,33.93896,-86.03431,"D","RL",NA,NA,0,c(-86.0343099999999, 33.9389600000001),2,0.729482585944228,5.10637810160959
"294",14,13.3105541999584,2023-10-08,2023-10-08,10,8,2023,122,"ALB",400,4287,"NA",150.132,"I-21","150.132I-21","L",NA,33.93908,-86.0343,"D","RL",NA,NA,0,c(-86.0343, 33.93908),2,0.950753871425597,6.65527709997918
"295",15,7.39605491955419,2023-10-23,2023-10-23,10,23,2023,122,"ALB",400,4287,"NA",150.132,"I-21","150.132I-21","L",NA,33.93908,-86.03422,"D","RL",NA,NA,0,c(-86.0342199999999, 33.93908),2.14285714285714,0.493070327970279,3.45149229579195
"296",11,18.9478634960807,2023-11-03,2023-11-03,11,3,2023,122,"ALB",400,4287,"NA",150.132,"I-21","150.132I-21","L",NA,33.93898,-86.03437,"D","RL",NA,NA,0,c(-86.03437, 33.9389800000001),1.57142857142857,1.72253304509824,12.0577313156877
"297",13,11.5518085765265,2023-11-16,2023-11-16,11,16,2023,122,"ALB",400,4287,"NA",150.132,"I-21","150.132I-21","L",NA,33.93906,-86.03431,"D","RL",NA,NA,0,c(-86.0343099999999, 33.93906),1.85714285714286,0.888600659732807,6.22020461812965
"298",17,5.7759037454176,2023-12-03,2023-12-03,12,3,2023,122,"ALB",400,4287,"NA",150.132,"I-21","150.132I-21","L",NA,33.93904,-86.03433,"D","RL",NA,NA,0,c(-86.03433, 33.93904),2.42857142857143,0.339759043848094,2.37831330693666
"299",15,3.69802918914847,2023-12-18,2023-12-18,12,18,2023,122,"ALB",400,4287,"NA",150.132,"I-21","150.132I-21","L",NA,33.93904,-86.03429,"D","RL",NA,NA,0,c(-86.0342899999999, 33.93904),2.14285714285714,0.246535279276565,1.72574695493595
"300",16,5.77590483110889,2024-01-03,2024-01-03,1,3,2024,122,"ALB",400,4287,"NA",150.132,"I-21","150.132I-21","L",NA,33.93898,-86.03425,"D","RL","Removed 1/16/23",NA,0,c(-86.03425, 33.9389800000001),2.28571428571429,0.360994051944306,2.52695836361014
"301",2,2064.97787888877,2023-05-09,2023-05-09,5,9,2023,6,"ALB",376,4494,"413",150.333,"L-96","150.333L-96","U","CL, TJ, 5/7/23",33.99244,-86.0003,"A","CL",NA,NA,2007.849629,c(-86.0003, 33.99244),0.285714285714286,1032.48893944438,7227.42257611069
"302",16,13094.4295849104,2023-05-25,2023-05-25,5,25,2023,6,"ALB",376,4494,"413",150.333,"L-96","150.333L-96","U","CL, TJ, 5/7/23 big move",34.00008,-85.90516,"A","CL",NA,NA,10344.694375,c(-85.90516, 34.00008),2.28571428571429,818.401849056898,5728.81294339829
"303",12,4.43689551014942,2023-06-06,2023-06-06,6,6,2023,6,"ALB",376,4494,"413",150.333,"L-96","150.333L-96","U","CL, TJ, 5/7/23 big move",34.00013,-85.90515,"A","CL",NA,NA,10340.056132,c(-85.9051499999999, 34.0001300000001),1.71428571428571,0.369741292512451,2.58818904758716
"304",15,185.200146585948,2023-06-21,2023-06-21,6,21,2023,6,"ALB",376,4494,"413",150.333,"L-96","150.333L-96","U","CL, TJ, 5/7/23, way upriver, haven't found 8/3 or 8/26",34.00144,-85.90399,"A","CL",NA,NA,10251.377896,c(-85.90399, 34.0014400000001),2.14285714285714,12.3466764390632,86.4267350734424
"305",5,98.0974438533679,2023-04-13,2023-04-13,4,13,2023,21,"LMB",439,4498,"NA",150.333,"I-4","150.333I-4","U","4/8/2023 CL, TJ",34.0108833333,-85.9967666667,"A","CL",NA,NA,91.422556,c(-85.996766667, 34.010883333),0.714285714285714,19.6194887706736,137.336421394715
"306",18,8753.34758224558,2023-05-01,2023-05-01,5,1,2023,21,"LMB",439,4498,"NA",150.333,"I-4","150.333I-4","U","4/8/2023 CL, TJ",34.01003,-85.92574,"A","CL",NA,NA,8265.867934,c(-85.92574, 34.01003),2.57142857142857,486.297087902532,3404.07961531773
"307",8,57.5033715530908,2023-05-09,2023-05-09,5,9,2023,21,"LMB",439,4498,"NA",150.333,"I-4","150.333I-4","U","4/8/2023 CL, TJ",34.01001,-85.92513,"A","CL",NA,NA,8223.012821,c(-85.92513, 34.0100100000001),1.14285714285714,7.18792144413635,50.3154501089544
"308",16,98.6109008933281,2023-05-25,2023-05-25,5,25,2023,21,"LMB",439,4498,"NA",150.333,"I-4","150.333I-4","U","4/8/2023 CL, TJ",34.01012,-85.92615,"A","CL",NA,NA,8297.774299,c(-85.92615, 34.01012),2.28571428571429,6.163181305833,43.142269140831
"309",12,89.6050665472596,2023-06-06,2023-06-06,6,6,2023,21,"LMB",439,4498,"NA",150.333,"I-4","150.333I-4","U","4/8/2023 CL, TJ",34.00995,-85.92526,"A","CL",NA,NA,8235.931123,c(-85.92526, 34.0099500000001),1.71428571428571,7.4670888789383,52.2696221525681
"310",15,128.170582114922,2023-06-21,2023-06-21,6,21,2023,21,"LMB",439,4498,"NA",150.333,"I-4","150.333I-4","U","4/8/2023 CL, TJ",34.01007,-85.92659,"A","CL",NA,NA,8338.305793,c(-85.92659, 34.01007),2.14285714285714,8.54470547432811,59.8129383202968
"311",16,9116.20352562073,2023-07-07,2023-07-07,7,7,2023,21,"LMB",439,4498,"NA",150.333,"I-4","150.333I-4","U","4/8/2023 CL, TJ, CAUGHT AGAIN? Big move to CL",34.00945,-85.99737,"D","CL",NA,NA,195.984366,c(-85.99737, 34.0094500000001),2.28571428571429,569.762720351296,3988.33904245907
"312",11,5.77399277319866,2023-07-18,2023-07-18,7,18,2023,21,"LMB",439,4498,"NA",150.333,"I-4","150.333I-4","U","Remove?",34.00948,-85.99741,"D","CL",NA,NA,197.017641,c(-85.9974099999999, 34.0094800000001),1.57142857142857,0.524908433927151,3.67435903749006
"313",17,10.2108940174699,2023-08-04,2023-08-04,8,4,2023,21,"LMB",439,4498,"NA",150.333,"I-4","150.333I-4","U","Remove",34.00954,-85.99737,"D","CL",NA,NA,204.21554,c(-85.99737, 34.0095400000001),2.42857142857143,0.60064082455705,4.20448577189935
"314",23,10.2108929027242,2023-08-27,2023-08-27,8,27,2023,21,"LMB",439,4498,"NA",150.333,"I-4","150.333I-4","U","Remove",34.00948,-85.99736,"D","CL",NA,NA,199.029929,c(-85.99736, 34.0094800000001),3.28571428571429,0.443951865335833,3.10766305735083
"315",15,5.77399168574339,2023-09-11,2023-09-11,9,11,2023,21,"LMB",439,4498,"NA",150.333,"I-4","150.333I-4","U","Remove",34.00952,-85.9974,"D","CL",NA,NA,200.989403,c(-85.9974, 34.0095200000001),2.14285714285714,0.384932779049559,2.69452945334692
"316",14,4.43690230195951,2023-09-25,2023-09-25,9,25,2023,21,"LMB",439,4498,"NA",150.333,"I-4","150.333I-4","U",NA,34.00946,-85.99738,"D","CL",NA,NA,0,c(-85.99738, 34.00946),2,0.316921592997108,2.21845115097976
"317",14,9.46897092244001,2023-10-09,2023-10-09,10,9,2023,21,"LMB",439,4498,"NA",150.333,"I-4","150.333I-4","U",NA,34.00952,-85.99732,"D","CL",NA,NA,0,c(-85.9973199999999, 34.0095200000001),2,0.676355065888572,4.73448546122001
"318",39,9.46897092244001,2023-11-17,2023-11-17,11,17,2023,21,"LMB",439,4498,"NA",150.333,"I-4","150.333I-4","U",NA,34.00947,-85.99738,"D","CL",NA,NA,0,c(-85.99738, 34.0094700000001),5.57142857142857,0.242794126216411,1.69955888351487
"319",17,4.43690227218842,2023-12-04,2023-12-04,12,4,2023,21,"LMB",439,4498,"NA",150.333,"I-4","150.333I-4","U",NA,34.00943,-85.99737,"D","CL","Removed 1/16/23",NA,0,c(-85.99737, 34.0094300000001),2.42857142857143,0.260994251305201,1.82695975913641
"320",5,268.701524564085,2023-05-25,2023-05-25,5,25,2023,88,"ALB",415,5061,"NA",150.222,"I-5","150.222I-5","L","5/20/23, CL, REPORTED",34.01194,-85.99527,"A","CL",NA,NA,264.107148,c(-85.9952699999999, 34.01194),0.714285714285714,53.7403049128171,376.18213438972
"321",12,6753.31825011812,2023-06-06,2023-06-06,6,6,2023,88,"ALB",415,5061,"NA",150.222,"I-5","150.222I-5","L","5/20/23, CL, REPORTED",33.96554,-85.97484,"A","CL",NA,NA,6138.040331,c(-85.97484, 33.96554),1.71428571428571,562.776520843177,3939.43564590224
"322",15,20.4241125573896,2023-06-21,2023-06-21,6,21,2023,88,"ALB",415,5061,"NA",150.222,"I-5","150.222I-5","L","5/20/23, CL, REPORTED",33.96539,-85.97492,"A","CL",NA,NA,6138.057466,c(-85.9749199999999, 33.9653900000001),2.14285714285714,1.36160750382597,9.53125252678181
"323",16,16.8658507524942,2023-07-07,2023-07-07,7,7,2023,88,"ALB",415,5061,"NA",150.222,"I-5","150.222I-5","L","5/20/23, CL, REPORTED",33.96544,-85.97476,"A","CL",NA,NA,6149.19738,c(-85.9747599999999, 33.9654400000001),2.28571428571429,1.05411567203089,7.3788097042162
"324",11,5.77518743282225,2023-07-18,2023-07-18,7,18,2023,88,"ALB",415,5061,"NA",150.222,"I-5","150.222I-5","L","5/20/23, CL, REPORTED",33.96546,-85.97477,"D","CL",NA,NA,6147.407571,c(-85.97477, 33.9654600000001),1.57142857142857,0.525017039347477,3.67511927543234
"325",17,10.2120578928782,2023-08-04,2023-08-04,8,4,2023,88,"ALB",415,5061,"NA",150.222,"I-5","150.222I-5","L","5/20/23, CL, REPORTED, remove?",33.96541,-85.97483,"D","CL",NA,NA,6145.17972,c(-85.9748299999999, 33.9654100000001),2.42857142857143,0.600709287816367,4.20496501471457
"326",23,13.1689633410156,2023-08-27,2023-08-27,8,27,2023,88,"ALB",415,5061,"NA",150.222,"I-5","150.222I-5","L","5/20/23, CL, REPORTED, remove?",33.96543,-85.97472,"A","CL",NA,NA,6153.219897,c(-85.97472, 33.96543),3.28571428571429,0.572563623522419,4.00794536465693
"327",15,9.47207311469795,2023-09-11,2023-09-11,9,11,2023,88,"ALB",415,5061,"NA",150.222,"I-5","150.222I-5","L","5/20/23, CL, REPORTED, remove?",33.96547,-85.97478,"D","CL",NA,NA,6145.627669,c(-85.97478, 33.96547),2.14285714285714,0.631471540979863,4.42030078685904
"328",14,11.550371607514,2023-09-25,2023-09-25,9,25,2023,88,"ALB",415,5061,"NA",150.222,"I-5","150.222I-5","L",NA,33.96554,-85.97488,"D","CL",NA,NA,0,c(-85.97488, 33.96554),2,0.825026543393856,5.77518580375699
"329",14,5.77518417504482,2023-10-09,2023-10-09,10,9,2023,88,"ALB",415,5061,"NA",150.222,"I-5","150.222I-5","L",NA,33.96561,-85.97489,"D","CL",NA,NA,0,c(-85.97489, 33.96561),2,0.412513155360344,2.88759208752241
"330",14,15.2472499242907,2023-10-23,2023-10-23,10,23,2023,88,"ALB",415,5061,"NA",150.222,"I-5","150.222I-5","L",NA,33.96551,-85.97478,"D","CL","Tag on dry land on 11/3/2023, removed",NA,0,c(-85.97478, 33.9655100000001),2,1.08908928030648,7.62362496214536
"331",2,2730.15475386241,2023-05-09,2023-05-09,5,9,2023,12,"ALB",354,5069,"NA",150.333,"I-3","150.333I-3","U","CL, TJ, 5/7/23",33.9866,-86.00034,"A","CL",NA,NA,2659.068597,c(-86.0003399999999, 33.9866000000001),0.285714285714286,1365.07737693121,9555.54163851844
"332",16,305.363692596547,2023-05-25,2023-05-25,5,25,2023,12,"ALB",354,5069,"NA",150.333,"I-3","150.333I-3","U","CL, TJ, 5/7/23",33.98916,-85.99971,"A","CL",NA,NA,2371.86411,c(-85.9997099999999, 33.98916),2.28571428571429,19.0852307872842,133.596615510989
"333",12,29.2966402765537,2023-06-06,2023-06-06,6,6,2023,12,"ALB",354,5069,"NA",150.333,"I-3","150.333I-3","U","CL, TJ, 5/7/23, up black creek potentially?",33.98891,-85.9998,"A","CL",NA,NA,2399.461185,c(-85.9997999999999, 33.98891),1.71428571428571,2.44138668971281,17.0897068279897
